ID,Description,NES,pvalue,p.adjust,geneID,geneName,Count
GOCC:0042788,Polysomal ribosome,-2.471604112,0.001890359,0.659321357,6128/6132/6135/6234/6169/6130/6171/6143/6152/6161,RPL6/RPL8/RPL11/RPS28/RPL38/RPL7A/RPL41/RPL19/RPL24/RPL32,10
GOCC:0022624,Proteasome accessory complex,-2.094865446,0.001968504,0.659321357,5704/5706/5717/5707/5708/5709/10213,PSMC4/PSMC6/PSMD11/PSMD1/PSMD2/PSMD3/PSMD14,7
GOCC:0030118,Clathrin coat,1.934687271,0.00204918,0.659321357,53354/1211,PANK1/CLTA,2
GOCC:0008180,Cop9 signalosome,-1.892987296,0.00390625,0.659321357,9840/5335/51517/498/10920/11180/10987/64708/8533/154810/7111/9318/4627/50813/30968/2885/3305/3326,TESPA1/PLCG1/NCKIPSD/ATP5F1A/COPS8/WDR6/COPS5/COPS7B/COPS3/AMOTL1/TMOD1/COPS2/MYH9/COPS7A/STOML2/GRB2/HSPA1L/HSP90AB1,18
GOCC:0002199,Zona pellucida receptor complex,-1.815889671,0.005747126,0.686032344,10694/6950/10576/3305,CCT8/TCP1/CCT2/HSPA1L,4
GOCC:0005587,Collagen type iv trimer,1.836150486,0.006147541,0.686032344,1284/1286/1287/1282,COL4A2/COL4A4/COL4A5/COL4A1,4
GOCC:0061700,Gator2 complex,-1.704346056,0.007874016,0.756781525,6396/27244/23334/54468/81929/652968/352954/729438/84219,SEC13/SESN1/SZT2/MIOS/SEH1L/CASTOR1/CASTOR3/CASTOR2/WDR24,9
GOCC:0005868,Cytoplasmic dynein complex,-1.751193533,0.00990099,0.78191502,255758/10210/140735/89891/8723/51143/1783/55112/1780/1778,TCTEX1D2/TOPORS/DYNLL2/WDR34/SNX4/DYNC1LI1/DYNC1LI2/WDR60/DYNC1I1/DYNC1H1,10
GOCC:0005833,Hemoglobin complex,-1.715768764,0.011881188,0.78191502,3039/3046/3048/3049/1727,HBA1/HBE1/HBG2/HBQ1/CYB5R3,5
GOCC:0016282,Eukaryotic 43s preinitiation complex,1.808419795,0.01417004,0.78191502,8668/8661/51386/8662/8665/728689/3646/27335/54505,EIF3I/EIF3A/EIF3L/EIF3B/EIF3F/EIF3CL/EIF3E/EIF3K/DHX29,9
GOCC:0097381,Photoreceptor disc membrane,-1.708975012,0.015473888,0.78191502,2868/2782/5148/3000/8787/611/5145/5956/94233/5158/2779/51332/24,GRK4/GNB1/PDE6G/GUCY2D/RGS9/OPN1SW/PDE6A/OPN1LW/OPN4/PDE6B/GNAT1/SPTBN5/ABCA4,13
GOCC:0005658,Alpha dna polymerase:primase complex,1.706206451,0.018442623,0.792387654,5422/5557/92797/5558,POLA1/PRIM1/HELB/PRIM2,4
GOCC:0036128,Catsper complex,-1.648433617,0.021696252,0.792387654,257062/57828,CATSPERD/CATSPERG,2
GOCC:0033290,Eukaryotic 48s preinitiation complex,1.685812193,0.022267206,0.792387654,8668/8661/51386/8662/8665/728689/3646/27335,EIF3I/EIF3A/EIF3L/EIF3B/EIF3F/EIF3CL/EIF3E/EIF3K,8
GOCC:0043196,Varicosity,-1.62477859,0.022900763,0.792387654,1393/1392,CRHBP/CRH,2
GOCC:0060091,Kinocilium,-1.604965674,0.023346304,0.792387654,389207/161497/148930/8556,GRXCR1/STRC/KNCN/CDC14A,4
GOCC:0031235,Intrinsic component of the cytoplasmic side of the plasma membrane,1.617369554,0.024590164,0.792387654,22821/6708/5064/7827/6710,RASA3/SPTA1/PALM/NPHS2/SPTB,5
GOCC:0001527,Microfibril,1.64632896,0.025948104,0.792387654,2200/4237/339366/4236/81794/4239/2201,FBN1/MFAP2/ADAMTSL5/MFAP1/ADAMTS10/MFAP4/FBN2,7
GOCC:0005879,Axonemal microtubule,1.634781926,0.026476578,0.792387654,84100/158297,ARL6/SAXO1,2
GOCC:0005861,Troponin complex,1.550689863,0.027083333,0.792387654,7140/7134/7139/7125,TNNT3/TNNC1/TNNT2/TNNC2,4
GOCC:0071541,"Eukaryotic translation initiation factor 3 complex, eif3m",1.612079593,0.027196653,0.792387654,8668/8661/8662/8665,EIF3I/EIF3A/EIF3B/EIF3F,4
GOCC:0030915,Smc5-smc6 complex,1.589270394,0.029288703,0.792387654,197370/54780/23137/79677/286053/493861,NSMCE1/NSMCE4A/SMC5/SMC6/NSMCE2/EID3,6
GOCC:0005642,Annulate lamellae,-1.545111106,0.029354207,0.792387654,5903,RANBP2,1
GOCC:0001740,Barr body,1.602134984,0.030549898,0.792387654,23347/55506,SMCHD1/H2AFY2,2
GOCC:0001741,Xy body,-1.532644451,0.031558185,0.792387654,80714/3014/23309,PBX4/H2AFX/SIN3B,3
GOCC:0034045,Phagophore assembly site membrane,1.643860336,0.032193159,0.792387654,11152/23130/9140/55102/22863/9706/8408,WDR45/ATG2A/ATG12/ATG2B/ATG14/ULK2/ULK1,7
GOCC:0005892,Acetylcholine-gated channel complex,1.593954716,0.032388664,0.792387654,1135/1144/8973/1136/1139/1143/1137,CHRNA2/CHRND/CHRNA6/CHRNA3/CHRNA7/CHRNB4/CHRNA4,7
GOCC:0017119,Golgi transport complex,-1.517201154,0.033530572,0.792387654,2802/91949/11070/10466/22796,GOLGA3/COG7/TMEM115/COG5/COG2,5
GOCC:0099059,Integral component of presynaptic active zone membrane,1.600629382,0.034412955,0.792387654,2823/79414/1000/493/490/5023,GPM6A/LRFN3/CDH2/ATP2B4/ATP2B1/P2RX1,6
GOCC:0034366,Spherical high-density lipoprotein particle,-1.583506945,0.036398467,0.796028533,55937/335/1191,APOM/APOA1/CLU,3
GOCC:0044304,Main axon,-1.554400968,0.040076336,0.808724363,4137/351/7074/80128,MAPT/APP/TIAM1/TRIM46,4
GOCC:0034098,Vcp-npl4-ufd1 aaa atpase complex,-1.530700908,0.043912176,0.826158674,54941/857/11124/7353/55666/7415,RNF125/CAV1/FAF1/UFD1/NPLOC4/VCP,6
GOCC:0097433,Dense body,-1.510199784,0.044747082,0.826158674,9271/71/55124/60,PIWIL1/ACTG1/PIWIL2/ACTB,4
GOCC:0000793,Condensed chromosome,1.533817531,0.044989775,0.826158674,9918/9031/10592/55183/6795/2103/64151/10270/4288/26013,NCAPD2/BAZ1B/SMC2/RIF1/AURKC/ESRRB/NCAPG/AKAP8/MKI67/L3MBTL1,10
GOCC:0005786,"Signal recognition particle, endoplasmic reticulum targeting",1.543320541,0.045081967,0.826158674,6729/6726/6730,SRP54/SRP9/SRP68,3
GOCC:0002079,Inner acrosomal membrane,1.54435778,0.046843177,0.826158674,147744/4179,TMEM190/CD46,2
GOCC:0035327,Transcriptionally active chromatin,-1.472217212,0.046875,0.826158674,79664/56915/11240/54512/51010/5394,ICE2/EXOSC5/PADI2/EXOSC4/EXOSC3/EXOSC10,6
GOCC:0035102,Prc1 complex,-1.496956475,0.047524752,0.826158674,6015/1911/23492/10336/84108/648/6045/84333/84733/80012/57332/1912/8535,RING1/PHC1/CBX7/PCGF3/PCGF6/BMI1/RNF2/PCGF5/CBX2/PHC3/CBX8/PHC2/CBX4,13
GOCC:0031588,Nucleotide-activated protein kinase complex,-1.48049652,0.051282051,0.826158674,53632/5564/5562/167359,PRKAG3/PRKAB1/PRKAA1/NIM1K,4
GOCC:0071005,U2-type precatalytic spliceosome,1.52843687,0.052631579,0.826158674,9129/9128/9092/11193/4809/10594/55234/153527,PRPF3/PRPF4/SART1/WBP4/SNU13/PRPF8/SMU1/ZMAT2,8
GOCC:0043203,Axon hillock,-1.523860978,0.053639847,0.826158674,885/5176/6790,CCK/SERPINF1/AURKA,3
GOCC:0036396,Rna n6-methyladenosine methyltransferase complex,1.509518204,0.054166667,0.826158674,57721/23091/9589/56339/79872,METTL14/ZC3H13/WTAP/METTL3/CBLL1,5
GOCC:0017146,Nmda selective glutamate receptor complex,-1.504622398,0.057884232,0.826158674,22871/2905/2906/2902/2185/116444,NLGN1/GRIN2C/GRIN2D/GRIN1/PTK2B/GRIN3B,6
GOCC:0031838,Haptoglobin-hemoglobin complex,-1.49953349,0.057884232,0.826158674,3042/3043/3039/3046/3048/3049,HBM/HBB/HBA1/HBE1/HBG2/HBQ1,6
GOCC:0071439,Clathrin complex,1.501847141,0.058585859,0.826158674,1211/65082,CLTA/VPS33A,2
GOCC:0016580,Sin3 complex,-1.466119041,0.061143984,0.826158674,3065/57649/23309,HDAC1/PHF12/SIN3B,3
GOCC:0071565,Nbaf complex,-1.43793628,0.062992126,0.826158674,57492/6602/5977/6605/6599/6601/6604,ARID1B/SMARCD1/DPF2/SMARCE1/SMARCC1/SMARCC2/SMARCD3,7
GOCC:0016593,Cdc73/paf1 complex,1.488954428,0.064583333,0.826158674,23168/55209/123169,RTF1/SETD5/LEO1,3
GOCC:0031313,Extrinsic component of endosome membrane,1.484721189,0.064583333,0.826158674,124997/29887/373509,WDR81/SNX10/USP50,3
GOCC:0098556,Cytoplasmic side of rough endoplasmic reticulum membrane,-1.418676439,0.070450098,0.826158674,6234,RPS28,1
GOCC:0098574,Cytoplasmic side of lysosomal membrane,-1.446914564,0.073929961,0.826158674,1915/1917/118426,EEF1A1/EEF1A2/BORCS5,3
GOCC:0002189,Ribose phosphate diphosphokinase complex,1.450816169,0.075356415,0.826158674,5631,PRPS1,1
GOCC:0032389,Mutlalpha complex,1.453026138,0.075356415,0.826158674,5395/4292,PMS2/MLH1,2
GOCC:0001405,"Pam complex, tim23 associated import motor",-1.407591497,0.076320939,0.826158674,29103/134266,DNAJC15/GRPEL2,2
GOCC:0005742,Mitochondrial outer membrane translocase complex,1.448747788,0.077844311,0.826158674,65018/401505/54543/9868/100188893/84134/387990,PINK1/TOMM5/TOMM7/TOMM70/TOMM6/TOMM40L/TOMM20L,7
GOCC:0005662,Dna replication factor a complex,1.462592725,0.078470825,0.826158674,988/10286/92797/29935/7507/2073,CDC5L/BCAS2/HELB/RPA4/XPA/ERCC5,6
GOCC:0036513,Derlin-1 retrotranslocation complex,-1.441550701,0.079207921,0.826158674,267/81502/91445/11236/84447/7415,AMFR/HM13/RNF185/RNF139/SYVN1/VCP,6
GOCC:0044615,Nuclear pore nuclear basket,-1.382761268,0.084148728,0.827506502,7175/129401/4928/5903,TPR/NUP35/NUP98/RANBP2,4
GOCC:0005952,Camp-dependent protein kinase complex,-1.47311786,0.084291188,0.827506502,5573/8852/158798,PRKAR1A/AKAP4/AKAP14,3
GOCC:0005655,Nucleolar ribonuclease p complex,1.429922783,0.087866109,0.827506502,10557/10940/10556,RPP38/POP1/RPP30,3
GOCC:0031227,Intrinsic component of endoplasmic reticulum membrane,1.42608704,0.087866109,0.827506502,1571/285671/83850,CYP2E1/RNF180/ESYT3,3
GOCC:0031905,Early endosome lumen,1.415581596,0.093686354,0.838422722,4012/23682/10981,LNPEP/RAB38/RAB32,3
GOCC:0071682,Endocytic vesicle lumen,-1.390695904,0.094488189,0.838865327,811/6288/6678/10808/3240/7184/10525/348/3043/335/3039,CALR/SAA1/SPARC/HSPH1/HP/HSP90B1/HYOU1/APOE/HBB/APOA1/HBA1,11
GOCC:0032300,Mismatch repair complex,1.410650884,0.094949495,0.839499924,5395/4292/4437/4438,PMS2/MLH1/MSH3/MSH4,4
GOCC:0005680,Anaphase-promoting complex,-1.378364635,0.096267191,0.843079619,29882/25847/996/29945/11065/51433/64682/701/10393/246184/9820/25906/51529/51343/991,ANAPC2/ANAPC13/CDC27/ANAPC4/UBE2C/ANAPC5/ANAPC1/BUB1B/ANAPC10/CDC26/CUL7/ANAPC15/ANAPC11/FZR1/CDC20,15
GOCC:0070545,Pebow complex,-1.372141906,0.097847358,0.848429306,22884/84261/55759/23481,WDR37/FBXW9/WDR12/PES1,4
GOCC:0044354,Macropinosome,-1.409822773,0.09922179,0.851429704,55604/6249/146206,CARMIL1/CLIP1/CARMIL2,3
GOCC:0033270,Paranode region of axon,1.385379356,0.101214575,0.852887714,400746/57165/4099,NCMAP/GJC2/MAG,3
GOCC:0031415,Nata complex,-1.366585674,0.101761252,0.853909433,80155/84779/8260,NAA15/NAA11/NAA10,3
GOCC:0046696,Lipopolysaccharide receptor complex,1.394142085,0.104508197,0.853909433,929/9865/23643,CD14/TRIL/LY96,3
GOCC:0061617,Micos complex,-1.40845389,0.104536489,0.853909433,84303/440574,CHCHD6/MINOS1,2
GOCC:0044305,Calyx of held,-1.344832477,0.106090373,0.85723513,3736/71/60,KCNA1/ACTG1/ACTB,3
GOCC:0031083,Bloc-1 complex,-1.361214826,0.108267717,0.866195564,84062/26258/23557/2647/116841,DTNBP1/BLOC1S6/SNAPIN/BLOC1S1/SNAP47,5
GOCC:0034663,Endoplasmic reticulum chaperone complex,-1.376431566,0.108910891,0.866195564,3309/51237/7184/10525/54431/5034/6782,HSPA5/MZB1/HSP90B1/HYOU1/DNAJC10/P4HB/HSPA13,7
GOCC:0097228,Sperm principal piece,-1.344231144,0.110019646,0.866195564,133308/441531/10566/8852/5213/257062/57828,SLC9B2/PGAM4/AKAP3/AKAP4/PFKM/CATSPERD/CATSPERG,7
GOCC:0001518,Voltage-gated sodium channel complex,1.363989151,0.113360324,0.866195564,55800/6335/11280/6323/6329/6334,SCN3B/SCN9A/SCN11A/SCN1A/SCN4A/SCN8A,6
GOCC:0071564,Npbaf complex,-1.366578085,0.114173228,0.866195564,6605/6760/6599/6601/6604,SMARCE1/SS18/SMARCC1/SMARCC2/SMARCD3,5
GOCC:0097504,Gemini of coiled bodies,1.36697779,0.114688129,0.866195564,25929/4863,GEMIN5/NPAT,2
GOCC:0097443,Sorting endosome,-1.369665623,0.114785992,0.866195564,3791/392,KDR/ARHGAP1,2
GOCC:0005638,Lamin filament,-1.335178314,0.115459883,0.866195564,84823/4001,LMNB2/LMNB1,2
GOCC:0033503,Hulc complex,1.370633809,0.118126273,0.866195564,7320/7319/148581,UBE2B/UBE2A/UBE2U,3
GOCC:0002080,Acrosomal membrane,1.361635567,0.118712274,0.866195564,858/682/148229/2319/124912/5104,CAV2/BSG/ATP8B3/FLOT2/SPACA3/SERPINA5,6
GOCC:0005666,Rna polymerase iii complex,-1.323344768,0.12109375,0.866195564,5440/11128/5441/171568/27297,POLR2K/POLR3A/POLR2L/POLR3H/CRCP,5
GOCC:0005682,U5 snrnp,1.34648175,0.122736419,0.866195564,10907/9416/6634/8559/9410/10594/10421,TXNL4A/DDX23/SNRPD3/PRPF18/SNRNP40/PRPF8/CD2BP2,7
GOCC:0030117,Membrane coat,1.351621307,0.123232323,0.866195564,8867/100526783/84100,SYNJ1/C15ORF38-AP3S2/ARL6,3
GOCC:0033010,Paranodal junction,1.342131606,0.125523013,0.866195564,231,AKR1B1,1
GOCC:0042382,Paraspeckles,-1.34104025,0.128404669,0.866195564,11052/11051/4841,CPSF6/NUDT21/NONO,3
GOCC:0042589,Zymogen granule membrane,-1.339905525,0.132673267,0.866195564,1755/50624/653808/6813/6809,DMBT1/CUZD1/ZG16/STXBP2/STX3,5
GOCC:0043625,Delta dna polymerase complex,1.346351629,0.1328125,0.866195564,5424/57804/10714,POLD1/POLD4/POLD3,3
GOCC:0005875,Microtubule associated complex,-1.270059118,0.137996219,0.866195564,5829/2009/4281/4130/10121,PXN/EML1/MID1/MAP1A/ACTR1A,5
GOCC:0000800,Lateral element,1.305835105,0.139676113,0.866195564,50511/642636/9985/10388/672/27127/5888,SYCP3/RAD21L1/REC8/SYCP2/BRCA1/SMC1B/RAD51,7
GOCC:0032281,Ampa glutamate receptor complex,1.268925837,0.152304609,0.883337042,729993/57406/402117/2891/375567,SHISA9/ABHD6/VWC2L/GRIA2/VWC2,5
GOCC:0005787,Signal peptidase complex,1.320962173,0.154786151,0.890128156,9789/60559/23478/28972,SPCS2/SPCS3/SEC11A/SPCS1,4
GOCC:0030122,Ap-2 adaptor complex,-1.294378963,0.155511811,0.890638481,9779/3092/115548/26119,TBC1D5/HIP1/FCHO2/LDLRAP1,4
GOCC:0010369,Chromocenter,1.280782953,0.159919028,0.891100767,11339/10951/6299/55777/55143/2332/157570/23468,OIP5/CBX1/SALL1/MBD5/CDCA8/FMR1/ESCO2/CBX5,8
GOCC:0031305,Integral component of mitochondrial inner membrane,-1.24763475,0.164435946,0.899019451,8834/63933/2110/285521/5250/51660/80775,TMEM11/MCUR1/ETFDH/COX18/SLC25A3/MPC1/TMEM177,7
GOCC:0000815,Escrt iii complex,-1.273351953,0.165354331,0.899019451,27183/29082/51652/25978/92421/128866,VPS4A/CHMP4A/CHMP3/CHMP2B/CHMP4C/CHMP4B,6
GOCC:0016514,Swi/snf complex,-1.284614716,0.165354331,0.899019451,5925/6603/57492/6602/6605/6599/6601/6604,RB1/SMARCD2/ARID1B/SMARCD1/SMARCE1/SMARCC1/SMARCC2/SMARCD3,8
GOCC:0031461,Cullin-ring ubiquitin ligase complex,-1.271753616,0.165354331,0.899019451,8454/51529/9978,CUL1/ANAPC11/RBX1,3
GOCC:0031464,Cul4a-ring e3 ubiquitin ligase complex,-1.273816798,0.165354331,0.899019451,1642/51514/9978/1027,DDB1/DTL/RBX1/CDKN1B,4
GOCC:0000145,Exocyst,-1.264884856,0.166015625,0.899019451,55763/100287171/283849/54536/23616/149371,EXOC1/WASHC1/EXOC3L1/EXOC6/SH3BP1/EXOC8,6
GOCC:0031672,A band,-1.270900832,0.167322835,0.899074578,4619/6138,MYH1/RPL15,2
GOCC:0043220,Schmidt-lanterman incisure,1.282750683,0.167664671,0.899074578,400746/231/4099,NCMAP/AKR1B1/MAG,3
GOCC:0061202,Clathrin-sculpted gamma-aminobutyric acid transport vesicle membrane,1.275539623,0.16875,0.901499926,2572/140679/6844/2571/6857,GAD2/SLC32A1/VAMP2/GAD1/SYT1,5
GOCC:0005834,Heterotrimeric g-protein complex,-1.220618945,0.175803403,0.915366635,2769/2771/10287/2767/2781/2782/9630/2788/2790/54331/2779/2785/94235,GNA15/GNAI2/RGS19/GNA11/GNAZ/GNB1/GNA14/GNG7/GNG10/GNG2/GNAT1/GNG3/GNG8,13
GOCC:0000813,Escrt i complex,1.265481332,0.181636727,0.920702401,89853/55048/51160/155382,MVB12B/VPS37C/VPS28/VPS37D,4
GOCC:0043034,Costamere,1.265242447,0.183673469,0.924863116,5339/2318/1756/79026/287/6840,PLEC/FLNC/DMD/AHNAK/ANK2/SVIL,6
GOCC:0019897,Extrinsic component of plasma membrane,-1.215532918,0.189083821,0.931906475,80274/22848/94120/64063,SCUBE1/AAK1/SYTL3/PRSS22,4
GOCC:0030687,"Preribosome, large subunit precursor",-1.217751316,0.189555126,0.93286426,90441/56342/54663/3692/84261/55759/23481/692312/51388,ZNF622/PPAN/WDR74/EIF6/FBXW9/WDR12/PES1/PPAN-P2RY11/NIP7,9
GOCC:0034451,Centriolar satellite,1.216491249,0.190274841,0.935291453,10464/64770/26005/57489/84376/285331/152206/129880/3875/22873/5347/117178,PIBF1/CCDC14/C2CD3/ODF2L/HOOK3/CCDC66/CCDC13/BBS5/KRT18/DZIP1/PLK1/SSX2IP,12
GOCC:0005763,Mitochondrial small ribosomal subunit,1.225716957,0.192229039,0.937847359,28973/51023/56945/55173/51373/64949/28957/64965,MRPS18B/MRPS18C/MRPS22/MRPS10/MRPS17/MRPS26/MRPS28/MRPS9,8
GOCC:0042612,Mhc class i protein complex,1.234325588,0.193939394,0.940459257,3077/3107/3134,HFE/HLA-C/HLA-F,3
GOCC:0005847,Mrna cleavage and polyadenylation specificity factor complex,-1.252619475,0.196039604,0.945616267,10898/1452/11051,CPSF4/CSNK1A1/NUDT21,3
GOCC:0030991,Intraciliary transport particle a,-1.284445387,0.196564885,0.945939874,112752/57539/9742/57728/199223,IFT43/WDR35/IFT140/WDR19/TTC21A,5
GOCC:0000307,Cyclin-dependent protein kinase holoenzyme complex,-1.200053863,0.19921875,0.947791267,51755/1017/9133/645121/892/1164/890/79935/1026/905/1025,CDK12/CDK2/CCNB2/CCNI2/CCNC/CKS2/CCNA2/CNTD2/CDKN1A/CCNT2/CDK9,11
GOCC:0005688,U6 snrnp,1.250767135,0.20083682,0.947791267,11157/27258/51690/57819,LSM6/LSM3/LSM7/LSM2,4
GOCC:0030893,Meiotic cohesin complex,1.251074095,0.20083682,0.947791267,642636/9985/10734/5885/27127,RAD21L1/REC8/STAG3/RAD21/SMC1B,5
GOCC:0000159,Protein phosphatase type 2a complex,1.236618723,0.201207243,0.947791267,6801/5524,STRN/PTPA,2
GOCC:0005726,Perichromatin fibrils,-1.264805056,0.201565558,0.947791267,11052/1660,CPSF6/DHX9,2
GOCC:0031467,Cul7-ring ubiquitin ligase complex,-1.264504223,0.201565558,0.947791267,6500/26259/9820/9978,SKP1/FBXW8/CUL7/RBX1,4
GOCC:0031258,Lamellipodium membrane,1.20842724,0.204123711,0.947791267,9780/2191/23224/1072/10297/1464/84168/3690,PIEZO1/FAP/SYNE2/CFL1/APC2/CSPG4/ANTXR1/ITGB3,8
GOCC:0071339,Mll1 complex,-1.201937974,0.210526316,0.947791267,124944/6880/51230/57680/84148/10856/6879/54881/10445,C17ORF49/TAF9/PHF20/CHD8/KAT8/RUVBL2/TAF7/TEX10/MCRS1,9
GOCC:0097550,Transcriptional preinitiation complex,-1.265097723,0.211832061,0.947791267,2099/2071/2959/6908,ESR1/ERCC3/GTF2B/TBP,4
GOCC:0000243,Commitment complex,-1.251300347,0.213017751,0.947791267,6631/27288/6632,SNRPC/RBMXL2/SNRPD1,3
GOCC:0030867,Rough endoplasmic reticulum membrane,1.221205983,0.213572854,0.94923823,339983/5352/8985/27346/80149,NAT8L/PLOD2/PLOD3/TMEM97/ZC3H12A,5
GOCC:0000812,Swr1 complex,-1.231336172,0.21980198,0.95403511,10856/10847/57634,RUVBL2/SRCAP/EP400,3
GOCC:0031463,Cul3-ring ubiquitin ligase complex,-1.177097679,0.220703125,0.95403511,10324/59349/23510/79734/11275/8507/55975/9978/27252,KLHL41/KLHL12/KCTD2/KCTD17/KLHL2/ENC1/KLHL7/RBX1/KLHL20,9
GOCC:1990726,Lsm1-7-pat1 complex,1.252179232,0.221995927,0.95403511,27258/51690/57819,LSM3/LSM7/LSM2,3
GOCC:0032983,Kainate selective glutamate receptor complex,1.250575814,0.224032587,0.95403511,2901/2900,GRIK5/GRIK4,2
GOCC:1990130,Gator1 complex,-1.240256264,0.229571984,0.95403511,10670/10641/8131,RRAGA/NPRL2/NPRL3,3
GOCC:0031209,Scar complex,-1.230258727,0.230769231,0.95403511,10006/8936/3071/23191,ABI1/WASF1/NCKAP1L/CYFIP1,4
GOCC:0070461,Saga-type complex,1.244766279,0.231557377,0.95403511,93624/23326/55578,TADA2B/USP22/SUPT20H,3
GOCC:1990075,Periciliary membrane compartment,1.227733029,0.240325866,0.95403511,22920/25861/6102/57576,KIFAP3/WHRN/RP2/KIF17,4
GOCC:0070382,Exocytic vesicle,-1.17047454,0.245614035,0.95403511,3479/6861/94122/91683/127833/5873/9066/94120,IGF1/SYT5/SYTL5/SYT12/SYT2/RAB27A/SYT7/SYTL3,8
GOCC:0036021,Endolysosome lumen,-1.218015595,0.24853229,0.95403511,1508/1520/5641/1514,CTSB/CTSS/LGMN/CTSL,4
GOCC:0036020,Endolysosome membrane,1.178957238,0.248987854,0.95403511,1211/23274/255738/51284,CLTA/CLEC16A/PCSK9/TLR7,4
GOCC:0031256,Leading edge membrane,-1.201180605,0.250493097,0.95403511,998/9912/81704/30817/1969,CDC42/ARHGAP44/DOCK8/ADGRE2/EPHA2,5
GOCC:1990316,Atg1/ulk1 kinase complex,-1.218106314,0.250957854,0.95403511,55255/9779/9776,WDR41/TBC1D5/ATG13,3
GOCC:0099061,Integral component of postsynaptic density membrane,1.134344502,0.253036437,0.95403511,107/57622/729993/7779/79414/1128/9746/2901/57689/2066,ADCY1/LRFN1/SHISA9/SLC30A1/LRFN3/CHRM1/CLSTN3/GRIK5/LRRC4C/ERBB4,10
GOCC:0016235,Aggresome,1.118320731,0.257028112,0.95403511,3225/221044/11279/5905/1856/5424/23224/26297/221960/5588/3232/2268/51567/3303/2060/3304,HOXC9/UCMA/KLF8/RANGAP1/DVL2/POLD1/SYNE2/SERGEF/CCZ1B/PRKCQ/HOXD3/FGR/TDP2/HSPA1A/EPS15/HSPA1B,16
GOCC:0031527,Filopodium membrane,1.141689028,0.263157895,0.95403511,4771/1756/23224/84168/8326/3690/5064,NF2/DMD/SYNE2/ANTXR1/FZD9/ITGB3/PALM,7
GOCC:0005665,"Rna polymerase ii, core complex",-1.166445178,0.263671875,0.95403511,79724/5430/5434/5438/5440/84181/5441/5439,ZNF768/POLR2A/POLR2E/POLR2I/POLR2K/CHD6/POLR2L/POLR2J,8
GOCC:0005614,Interstitial matrix,1.17104188,0.267206478,0.95403511,375567/89797/64094/3371/64856,VWC2/NAV2/SMOC2/TNC/VWA1,5
GOCC:0097449,Astrocyte projection,1.198787476,0.272912424,0.95403511,65018/6860,PINK1/SYT4,2
GOCC:0033018,Sarcoplasmic reticulum lumen,1.162639591,0.272916667,0.95403511,844/3270,CASQ1/HRC,2
GOCC:0042721,Tim22 mitochondrial import inner membrane insertion complex,1.194234248,0.274949084,0.95403511,26515/55750/26519,TIMM10B/AGK/TIMM10,3
GOCC:0090543,Flemming body,-1.141425351,0.276803119,0.95403511,9493/55763/9960/23636/92421/5901/54536/29127,KIF23/EXOC1/USP3/NUP62/CHMP4C/RAN/EXOC6/RACGAP1,8
GOCC:0045254,Pyruvate dehydrogenase complex,1.16937054,0.280737705,0.95403511,5162/1738,PDHB/DLD,2
GOCC:0060077,Inhibitory synapse,1.150905309,0.28340081,0.95403511,84232/2572/140679/201134/2571/27020/2741,MAF1/GAD2/SLC32A1/CEP112/GAD1/NPTN/GLRA1,7
GOCC:0005916,Fascia adherens,-1.164633788,0.284023669,0.95403511,7414/2697/1674,VCL/GJA1/DES,3
GOCC:0031618,Nuclear pericentric heterochromatin,1.142769523,0.284848485,0.95403511,10320/11335/157570/1059/23468,IKZF1/CBX3/ESCO2/CENPB/CBX5,5
GOCC:0031307,Integral component of mitochondrial outer membrane,1.140836097,0.285714286,0.95403511,578/65018/54332/51566,BAK1/PINK1/GDAP1/ARMCX3,4
GOCC:0044327,Dendritic spine head,1.133764398,0.290909091,0.95403511,23380,SRGAP2,1
GOCC:0016281,Eukaryotic translation initiation factor 4f complex,1.14331793,0.291417166,0.95403511,7458/1977/1975,EIF4H/EIF4E/EIF4B,3
GOCC:0015030,Cajal body,1.107201648,0.291497976,0.95403511,9129/10208/51602/4863/102157402/9128/11339/9092/55341/9733/84967/84524,PRPF3/USPL1/NOP58/NPAT/AK6/PRPF4/OIP5/SART1/LSG1/SART3/LSM10/ZC3H8,12
GOCC:0035861,Site of double-strand break,1.090321858,0.291913215,0.95403511,55100/55719/10459/51444/23347/3364/56852/92797/55183/29935/149840/254225,WDR70/SLF2/MAD2L2/RNF138/SMCHD1/HUS1/RAD18/HELB/RIF1/RPA4/SHLD1/RNF169,12
GOCC:0099078,Borc complex,-1.147344617,0.298850575,0.95403511,79036/118426/23557/2647,KXD1/BORCS5/SNAPIN/BLOC1S1,4
GOCC:0030688,"Preribosome, small subunit precursor",1.140306032,0.299798793,0.95403511,84946/8568/23076/83732/8780/117246/28987,LTV1/RRP1/RRP1B/RIOK1/RIOK3/FTSJ3/NOB1,7
GOCC:0034363,Intermediate-density lipoprotein particle,-1.161758528,0.301369863,0.95403511,345/335,APOC3/APOA1,2
GOCC:0036126,Sperm flagellum,1.106550382,0.301425662,0.95403511,219621/158067/8452/64446/55329/158297/6865/493/343521/374407,CABCOCO1/AK8/CUL3/DNAI2/MNS1/SAXO1/TACR2/ATP2B4/TCTEX1D4/DNAJB13,10
GOCC:0030914,Staga complex,1.127021907,0.305668016,0.95403511,8295/8464/10474/27097/93624/2648,TRRAP/SUPT3H/TADA3/TAF5L/TADA2B/KAT2A,6
GOCC:0072546,Er membrane protein complex,1.120358646,0.30738523,0.95403511,9694/23065,EMC2/EMC1,2
GOCC:0016442,Risc complex,1.130040938,0.307847082,0.95403511,1977/27044/167227/23405,EIF4E/SND1/DCP2/DICER1,4
GOCC:0005577,Fibrinogen complex,1.117737132,0.309090909,0.95403511,2267/2266/10875/5345/7057,FGL1/FGG/FGL2/SERPINF2/THBS1,5
GOCC:0005947,Mitochondrial alpha-ketoglutarate dehydrogenase complex,-1.155376053,0.316326531,0.95403511,10295,BCKDK,1
GOCC:0005850,Eukaryotic translation initiation factor 2 complex,1.162753244,0.318359375,0.95403511,83939,EIF2A,1
GOCC:0008305,Integrin complex,-1.097647803,0.324055666,0.95403511,3685/3680/3675/4627/3689/3679/3684,ITGAV/ITGA9/ITGA3/MYH9/ITGB2/ITGA7/ITGAM,7
GOCC:0036157,Outer dynein arm,1.104301013,0.327272727,0.95403511,64446/51314/83658,DNAI2/NME8/DYNLRB1,3
GOCC:0071204,Histone pre-mrna 3'end processing complex,1.10203236,0.329918033,0.95403511,10492/7884/90459/134353,SYNCRIP/SLBP/ERI1/LSM11,4
GOCC:0005683,U7 snrnp,1.123187548,0.336820084,0.95403511,6634/84967,SNRPD3/LSM10,2
GOCC:0099147,Extrinsic component of postsynaptic density membrane,-1.129233777,0.338551859,0.95403511,7074/9162,TIAM1/DGKI,2
GOCC:1990393,3m complex,-1.125083283,0.340508806,0.95403511,26259/83987/9820,FBXW8/CCDC8/CUL7,3
GOCC:0042719,Mitochondrial intermembrane space protein transporter complex,1.103046027,0.344195519,0.95403511,26515/26519/26517,TIMM10B/TIMM10/TIMM13,3
GOCC:0030123,Ap-3 adaptor complex,1.079011203,0.347305389,0.95403511,65082/8546,VPS33A/AP3B1,2
GOCC:0033276,Transcription factor tftc complex,1.08902909,0.354251012,0.95601466,6873/8295/6874/8464/10474/27097,TAF2/TRRAP/TAF4/SUPT3H/TADA3/TAF5L,6
GOCC:0042101,T cell receptor complex,1.062186337,0.357142857,0.959792048,926/917/634/920/54518/916/6850,CD8B/CD3G/CEACAM1/CD4/APBB1IP/CD3E/SYK,7
GOCC:0071986,Ragulator complex,-1.096609184,0.365758755,0.964157661,389541/153129/10542,LAMTOR4/SLC38A9/LAMTOR5,3
GOCC:1990712,Hfe-transferrin receptor complex,1.068951783,0.366666667,0.964309979,3077,HFE,1
GOCC:1990907,Beta-catenin-tcf complex,1.071403798,0.371257485,0.967143316,7088/283149/8861/6925,TLE1/BCL9L/LDB1/TCF4,4
GOCC:0097197,Tetraspanin-enriched microdomain,-1.056728456,0.373563218,0.970700144,51206/340348/81619,GP6/TSPAN33/TSPAN14,3
GOCC:0030061,Mitochondrial crista,-1.088838636,0.377431907,0.974678327,125965,COX6B2,1
GOCC:0016459,Myosin complex,1.060218892,0.382045929,0.978673818,283446/4650/57530/4635/4640/23026/4624/55930/84952/51168/4637/53904,MYO1H/MYO9B/CGN/MYL4/MYO1A/MYO16/MYH6/MYO5C/CGNL1/MYO15A/MYL6/MYO3A,12
GOCC:0034707,Chloride channel complex,1.032773882,0.382642998,0.978673818,2570/2565/2742/441509/1192/1180/1080/266675,GABRR2/GABRG1/GLRA2/GLRA4/CLIC1/CLCN1/CFTR/BEST4,8
GOCC:0070765,Gamma-secretase complex,1.0527038,0.383196721,0.978673818,23385/55851/10972/5663,NCSTN/PSENEN/TMED10/PSEN1,4
GOCC:0000781,"Chromosome, telomeric region",-1.029326872,0.387033399,0.980304767,4361/10728/7011/7015/9401/3014/9025,MRE11/PTGES3/TEP1/TERT/RECQL4/H2AFX/RNF8,7
GOCC:0005955,Calcineurin complex,-1.0833188,0.389432485,0.980304767,5530,PPP3CA,1
GOCC:0098688,Parallel fiber to purkinje cell synapse,-1.05704297,0.39009901,0.980304767,27255/6536/57863/869/1496/6712/794/5216,CNTN6/SLC6A9/CADM3/CBLN1/CTNNA2/SPTBN2/CALB2/PFN1,8
GOCC:0031462,Cul2-ring ubiquitin ligase complex,1.036376043,0.390688259,0.980304767,57688/57643/10444/8453/79699,ZSWIM6/ZSWIM5/ZER1/CUL2/ZYG11B,5
GOCC:0036449,Microtubule minus-end,1.056339172,0.391666667,0.980304767,259266/6840/4926,ASPM/SVIL/NUMA1,3
GOCC:0042406,Extrinsic component of endoplasmic reticulum membrane,-1.07761779,0.39334638,0.980304767,1861/64066/5371,TOR1A/MMP27/PML,3
GOCC:0071817,Mmxd complex,-1.080391753,0.39334638,0.980304767,51647/2068,CIAO2B/ERCC2,2
GOCC:0008091,Spectrin,1.053482645,0.39375,0.980304767,6709/6708/6711/2037/6710,SPTAN1/SPTA1/SPTBN1/EPB41L2/SPTB,5
GOCC:0030479,Actin cortical patch,-1.069601183,0.394059406,0.980304767,830/3092,CAPZA2/HIP1,2
GOCC:0008622,Epsilon dna polymerase complex,-1.07512213,0.395303327,0.980304767,56655/54107,POLE4/POLE3,2
GOCC:0034709,Methylosome,-1.075771738,0.397637795,0.98324232,2079,ERH,1
GOCC:0043195,Terminal bouton,-1.017379138,0.401574803,0.984698745,5217/6622/2902/8492/23191/22848/645,PFN2/SNCA/GRIN1/PRSS12/CYFIP1/AAK1/BLVRB,7
GOCC:0031904,Endosome lumen,1.029621629,0.402834008,0.985368258,5551/5617/3630,PRF1/PRL/INS,3
GOCC:0036057,Slit diaphragm,1.037144735,0.406060606,0.986482636,4868/50848/7225,NPHS1/F11R/TRPC6,3
GOCC:0000172,Ribonuclease mrp complex,1.036178024,0.411885246,0.986482636,10940/10556,POP1/RPP30,2
GOCC:0031931,Torc1 complex,-1.029847355,0.414122137,0.986482636,64223/57521,MLST8/RPTOR,2
GOCC:0005851,Eukaryotic translation initiation factor 2b complex,-1.059429804,0.416342412,0.986482636,1965/8893,EIF2S1/EIF2B5,2
GOCC:0017101,Aminoacyl-trna synthetase multienzyme complex,1.039964032,0.417004049,0.986482636,2058/9255/5859/3376/51520,EPRS/AIMP1/QARS/IARS/LARS,5
GOCC:0000164,Protein phosphatase type 1 complex,1.033319155,0.417165669,0.986482636,5500/8036/84687/84919/4690/5499,PPP1CB/SHOC2/PPP1R9B/PPP1R15B/NCK1/PPP1CA,6
GOCC:0016469,Proton-transporting two-sector atpase complex,1.045944288,0.417515275,0.986482636,537/523/528/529,ATP6AP1/ATP6V1A/ATP6V1C1/ATP6V1E1,4
GOCC:0005865,Striated muscle thin filament,1.018459379,0.418367347,0.987107872,56203/4607/7139/283284/29766/29767,LMOD3/MYBPC3/TNNT2/IGSF22/TMOD3/TMOD2,6
GOCC:0016234,Inclusion body,-1.027889746,0.419921875,0.988049055,8878/5704/10013/6622/4504/3326,SQSTM1/PSMC4/HDAC6/SNCA/MT3/HSP90AB1,6
GOCC:0005740,Mitochondrial envelope,1.018488678,0.42020202,0.988049055,55803/6392/3032,ADAP2/SDHD/HADHB,3
GOCC:0005736,Rna polymerase i complex,-1.041083175,0.42209073,0.990217799,5440/30834/25885/5441,POLR2K/ZNRD1/POLR1A/POLR2L,4
GOCC:0030121,Ap-1 adaptor complex,-1.01612415,0.425572519,0.992720424,26119,LDLRAP1,1
GOCC:0032059,Bleb,-1.00269959,0.429118774,0.993466593,54443/7168/24145/5027/51150,ANLN/TPM1/PANX1/P2RX7/SDF4,5
GOCC:0034361,Very-low-density lipoprotein particle,-1.0199276,0.42970297,0.993466593,350/8542/348/345/55937/335/51449,APOH/APOL1/APOE/APOC3/APOM/APOA1/PCYOX1,7
GOCC:0044754,Autolysosome,1.016204863,0.431137725,0.993466593,120892/2495/2512/5289/3916,LRRK2/FTH1/FTL/PIK3C3/LAMP1,5
GOCC:0072357,Ptw/pp1 phosphatase complex,1.025256628,0.433054393,0.993466593,5500,PPP1CB,1
GOCC:0031089,Platelet dense granule lumen,1.013391079,0.433198381,0.993466593,10447/3699/7078/1521/6694/6414,FAM3C/ITIH3/TIMP3/CTSW/SPP2/SELENOP,6
GOCC:0005751,Mitochondrial respiratory chain complex iv,-1.031512732,0.43503937,0.994703463,1350/1337/7386/4697/1327/9377/1339,COX7C/COX6A1/UQCRFS1/NDUFA4/COX4I1/COX5A/COX6A2,7
GOCC:0071007,U2-type catalytic step 2 spliceosome,1.027879258,0.435318275,0.994703463,988/51340/6634/55696/10286/51503,CDC5L/CRNKL1/SNRPD3/RBM22/BCAS2/CWC15,6
GOCC:0005798,Golgi-associated vesicle,0.995818099,0.443319838,0.997766988,26511/120892/8906,CHIC2/LRRK2/AP1G2,3
GOCC:1990909,Wnt signalosome,1.008436682,0.447105788,0.997766988,324/120892/7473,APC/LRRK2/WNT3,3
GOCC:0046581,Intercellular canaliculus,1.012253751,0.448770492,0.997766988,92140,MTDH,1
GOCC:0032783,Ell-eaf complex,-1.019126422,0.449416342,0.997766988,55840/4299/85403,EAF2/AFF1/EAF1,3
GOCC:0005858,Axonemal dynein complex,1.001307528,0.45,0.997766988,64446/79819,DNAI2/WDR78,2
GOCC:0097431,Mitotic spindle pole,-1.008396782,0.453280318,0.997766988,3297/10735/81610/8379/2009/23005/6790,HSF1/STAG2/FAM83D/MAD1L1/EML1/MAPKBP1/AURKA,7
GOCC:0000228,Nuclear chromosome,-1.006229477,0.4536862,0.997766988,6605/5393/55869/23514/8350/3725,SMARCE1/EXOSC9/HDAC8/SPIDR/HIST1H3A/JUN,6
GOCC:0042105,Alpha-beta t cell receptor complex,1.015420634,0.456211813,0.997766988,917/916/919/5777,CD3G/CD3E/CD247/PTPN6,4
GOCC:0030877,Beta-catenin destruction complex,-1.014524381,0.456692913,0.997766988,2931/8313/1452/56998,GSK3A/AXIN2/CSNK1A1/CTNNBIP1,4
GOCC:0097025,Mpp7-dlg1-lin7 complex,1.007652591,0.460285132,0.997766988,1739/55327/8825,DLG1/LIN7C/LIN7A,3
GOCC:0032584,Growth cone membrane,0.990665686,0.464435146,0.997766988,51393,TRPV2,1
GOCC:0098536,Deuterosome,-1.030899458,0.465753425,0.997766988,159989/124093/10733/22995,DEUP1/CCDC78/PLK4/CEP152,4
GOCC:0001652,Granular component,-1.021798962,0.471624266,0.997766988,6838,SURF6,1
GOCC:0000125,Pcaf complex,0.994304762,0.474541752,0.997766988,8850/8295,KAT2B/TRRAP,2
GOCC:0035253,Ciliary rootlet,0.97968149,0.475,0.997766988,3798/147700/9364,KIF5A/KLC3/RAB28,3
GOCC:0034364,High-density lipoprotein particle,-0.980506119,0.481624758,0.997766988,350/8542/3990/1071/348/55937/335/5360,APOH/APOL1/LIPC/CETP/APOE/APOM/APOA1/PLTP,8
GOCC:0072669,Trna-splicing ligase complex,0.975294394,0.483333333,0.997766988,283742,FAM98B,1
GOCC:1902711,Gaba-a receptor complex,0.968177194,0.483673469,0.997766988,2570/2565,GABRR2/GABRG1,2
GOCC:0005785,Signal recognition particle receptor complex,-0.993781671,0.486381323,0.997766988,91319/6100/6734,DERL3/RP9/SRPRA,3
GOCC:0001772,Immunological synapse,-0.987835734,0.490458015,0.997766988,5573/963/3383/4627/30968/84433,PRKAR1A/CD53/ICAM1/MYH9/STOML2/CARD11,6
GOCC:0070971,Endoplasmic reticulum exit site,0.968612412,0.490605428,0.997766988,340307/643854/100128553/9919/9217/56681/81555,CTAGE6/CTAGE9/CTAGE4/SEC16A/VAPB/SAR1A/YIPF5,7
GOCC:0034702,Ion channel complex,0.968776745,0.491666667,0.997766988,84230,LRRC8C,1
GOCC:0001401,Mitochondrial sorting and assembly machinery complex,0.98401498,0.49287169,0.997766988,10651/25813/345778/55735,MTX2/SAMM50/MTX3/DNAJC11,4
GOCC:0008023,Transcription elongation factor complex,-0.981173753,0.495126706,0.997766988,55140/4300/79664/85403/2074/84337/1025,ELP3/MLLT3/ICE2/EAF1/ERCC6/ELOF1/CDK9,7
GOCC:0034448,Ego complex,-1.002111696,0.497064579,0.997766988,58528/10670/64121,RRAGD/RRAGA/RRAGC,3
GOCC:0005672,Transcription factor tfiia complex,-0.982810124,0.498054475,0.997766988,286749/6908,STON1-GTF2A1L/TBP,2
GOCC:0034388,Pwp2p-containing subcomplex of 90s preribosome,-0.968037335,0.501908397,0.997766988,10885/55813,WDR3/UTP6,2
GOCC:0000506,Glycosylphosphatidylinositol-n-acetylglucosaminyltransferase (gpi-gnt) complex,0.963593716,0.502083333,0.997766988,8818,DPM2,1
GOCC:0031390,Ctf18 rfc-like complex,0.970278154,0.50209205,0.997766988,79075/5985,DSCC1/RFC5,2
GOCC:0071203,Wash complex,-0.976197477,0.502970297,0.997766988,832,CAPZB,1
GOCC:0031095,Platelet dense tubular network membrane,-0.949124623,0.506903353,0.997766988,488/3709/489,ATP2A2/ITPR2/ATP2A3,3
GOCC:0042405,Nuclear inclusion body,-0.97398449,0.513779528,0.997766988,5903,RANBP2,1
GOCC:0071438,Invadopodium membrane,-0.961550488,0.515564202,0.997766988,5329/3675/27035,PLAUR/ITGA3/NOX1,3
GOCC:0097038,Perinuclear endoplasmic reticulum,-0.960652798,0.515748031,0.997766988,5007/64764,OSBP/CREB3L2,2
GOCC:0043194,Axon initial segment,-0.969811813,0.51953125,0.997766988,288/122416/885/286/1261/57554/80128/4130,ANK3/ANKRD9/CCK/ANK1/CNGA3/LRRC7/TRIM46/MAP1A,8
GOCC:0000124,Saga complex,0.941590377,0.524291498,0.997766988,8295/10474/56943/23326/55578/6878,TRRAP/TADA3/ENY2/USP22/SUPT20H/TAF6,6
GOCC:0001939,Female pronucleus,-0.931537991,0.524654832,0.997766988,285051/6513/6908/890,STPG4/SLC2A1/TBP/CCNA2,4
GOCC:0035770,Ribonucleoprotein granule,-0.96130648,0.524752475,0.997766988,55794/60493/2926/22907/64848,DDX28/FASTKD5/GRSF1/DHX30/YTHDC2,5
GOCC:0001940,Male pronucleus,-0.949665211,0.52480916,0.997766988,285051/6908/890,STPG4/TBP/CCNA2,3
GOCC:0005719,Nuclear euchromatin,-0.961156117,0.526315789,0.997766988,1499/388610/10856/6908/9314/3725,CTNNB1/TRNP1/RUVBL2/TBP/KLF4/JUN,6
GOCC:0099092,"Postsynaptic density, intracellular component",0.937278686,0.526315789,0.997766988,6457/2534/6792,SH3GL3/FYN/CDKL5,3
GOCC:0005883,Neurofilament,-0.947241145,0.526717557,0.997766988,8829/9228/4747/26119,NRP1/DLGAP2/NEFL/LDLRAP1,4
GOCC:0031466,Cul5-ring ubiquitin ligase complex,-0.945127835,0.530534351,0.997766988,6923/9616/51676/9978,ELOB/RNF7/ASB2/RBX1,4
GOCC:0042584,Chromaffin granule membrane,-0.948015855,0.538910506,0.997766988,127833,SYT2,1
GOCC:0000794,Condensed nuclear chromosome,0.955571236,0.541226216,0.997766988,1111/158401/22920/4751/29935/84365/11073/1045/1104,CHEK1/C9ORF84/KIFAP3/NEK2/RPA4/NIFK/TOPBP1/CDX2/RCC1,9
GOCC:0048188,Set1c/compass complex,0.926410863,0.541414141,0.997766988,5929/30827/11091/23067/84661/2186/80335,RBBP5/CXXC1/WDR5/SETD1B/DPY30/BPTF/WDR82,7
GOCC:0033268,Node of ranvier,0.922379486,0.544534413,0.997766988,3785/1739/6323/6334/4653,KCNQ2/DLG1/SCN1A/SCN8A/MYOC,5
GOCC:0002116,Semaphorin receptor complex,-0.94407142,0.546534653,0.997766988,5365/55558,PLXNB3/PLXNA3,2
GOCC:0030285,Integral component of synaptic vesicle membrane,0.943980294,0.55602537,0.997766988,5799/114569/8674/6860/6843/8677/57084/140679/10228,PTPRN2/MAL2/VAMP4/SYT4/VAMP1/STX10/SLC17A6/SLC32A1/STX6,9
GOCC:0031616,Spindle pole centrosome,-0.959578617,0.557086614,0.997766988,137886/6790,UBXN2B/AURKA,2
GOCC:0097136,Bcl-2 family protein complex,-0.94995201,0.557729941,0.997766988,598/10018,BCL2L1/BCL2L11,2
GOCC:0000408,Ekc/keops complex,-0.937684542,0.564202335,0.997766988,8270/55644/84520,LAGE3/OSGEP/GON7,3
GOCC:0016012,Sarcoglycan complex,-0.934278861,0.56614786,0.997766988,6443,SGCB,1
GOCC:0070552,Brisc complex,-0.933032225,0.571428571,0.997766988,29086/6472/9577,BABAM1/SHMT2/BABAM2,3
GOCC:1990454,L-type voltage-gated calcium channel complex,-0.932665599,0.572834646,0.997766988,784,CACNB3,1
GOCC:0031298,Replication fork protection complex,0.919677505,0.579166667,0.997766988,55388/8318,MCM10/CDC45,2
GOCC:0031253,Cell projection membrane,0.912876853,0.57979798,0.997766988,1739/22919/55243/11021/50807,DLG1/MAPRE1/KIRREL1/RAB35/ASAP1,5
GOCC:0033093,Weibel-palade body,-0.926422175,0.581213307,0.997766988,1889/5873,ECE1/RAB27A,2
GOCC:0071004,U2-type prespliceosome,-0.920334623,0.584645669,0.997766988,6628/55015/6638/6631,SNRPB/PRPF39/SNRPN/SNRPC,4
GOCC:1990023,Mitotic spindle midzone,0.896147137,0.587878788,0.997766988,1062/9585,CENPE/KIF20B,2
GOCC:0072487,Msl complex,0.899427809,0.58984375,0.997766988,55167/10943,MSL2/MSL3,2
GOCC:0005750,Mitochondrial respiratory chain complex iii,-0.914606987,0.590551181,0.997766988,7386/9512/617/7381,UQCRFS1/PMPCB/BCS1L/UQCRB,4
GOCC:0098826,Endoplasmic reticulum tubular network membrane,0.909798521,0.590631365,0.997766988,57142/25923,RTN4/ATL3,2
GOCC:0031429,Box h/aca snornp complex,-0.921451837,0.590998043,0.997766988,54433/1736,GAR1/DKC1,2
GOCC:0031932,Torc2 complex,0.888192615,0.593939394,0.997766988,79109/65018,MAPKAP1/PINK1,2
GOCC:0030126,Copi vesicle coat,-0.91321831,0.594488189,0.997766988,205428/84364/372/23423/11316,C3ORF58/ARFGAP2/ARCN1/TMED3/COPE,5
GOCC:0016581,Nurd complex,-0.88592217,0.603515625,0.997766988,3066/5931/53615/9219/1107/3065/54815/9112,HDAC2/RBBP7/MBD3/MTA2/CHD3/HDAC1/GATAD2A/MTA1,8
GOCC:0070531,Brca1-a complex,0.88716206,0.606694561,0.997766988,84142/672/580,ABRAXAS1/BRCA1/BARD1,3
GOCC:1990391,Dna repair complex,-0.904806747,0.608610568,0.997766988,7158/23028,TP53BP1/KDM1A,2
GOCC:0070187,Shelterin complex,-0.900314986,0.610567515,0.997766988,25913/26277/65057,POT1/TINF2/ACD,3
GOCC:0031265,Cd95 death-inducing signaling complex,-0.888865053,0.616731518,0.997766988,8772/843,FADD/CASP10,2
GOCC:0097342,Ripoptosome,0.882979371,0.616803279,0.997766988,148022/841,TICAM1/CASP8,2
GOCC:0030127,Copii vesicle coat,-0.890844793,0.618110236,0.997766988,51014/6396/10484/51128/59349/25956/9871,TMED7/SEC13/SEC23A/SAR1B/KLHL12/SEC31B/SEC24D,7
GOCC:1990111,Spermatoproteasome complex,0.879355579,0.619144603,0.997766988,5698/143471/5696,PSMB9/PSMA8/PSMB8,3
GOCC:0043657,Host cell,-0.881318764,0.624015748,0.997766988,7514/30835/7314/10332/3839/7316/3434/5901,XPO1/CD209/UBB/CLEC4M/KPNA3/UBC/IFIT1/RAN,8
GOCC:0000783,Nuclear telomere cap complex,-0.85659987,0.626436782,0.997766988,26277/65057/7015,TINF2/ACD/TERT,3
GOCC:0043296,Apical junction complex,-0.871730006,0.626953125,0.997766988,89958/81607,SAPCD2/NECTIN4,2
GOCC:0030870,Mre11 complex,-0.876713428,0.634241245,0.997766988,54386/4361,TERF2IP/MRE11,2
GOCC:0032420,Stereocilium,0.902462968,0.634655532,0.997766988,9732/10518/9497/4354/25861/2059/4647/51168/65217/10083/64072/583/11133/90410,DOCK4/CIB2/SLC4A7/MPP1/WHRN/EPS8/MYO7A/MYO15A/PCDH15/USH1C/CDH23/BBS2/KPTN/IFT20,14
GOCC:0032039,Integrator complex,0.876554309,0.635051546,0.997766988,25896/728911/2103/92105,INTS7/CT45A2/ESRRB/INTS4,4
GOCC:0097512,Cardiac myofibril,-0.868187866,0.635496183,0.997766988,4633/7137/1674,MYL2/TNNI3/DES,3
GOCC:0034464,Bbsome,0.870991136,0.638383838,0.997766988,84100/129880/582/583,ARL6/BBS5/BBS1/BBS2,4
GOCC:0000938,Garp complex,-0.874002101,0.645792564,0.997766988,55275,VPS53,1
GOCC:0005686,U2 snrnp,0.862316176,0.645875252,0.997766988,6634/8175/10291/84844,SNRPD3/SF3A2/SF3A1/PHF5A,4
GOCC:0005942,Phosphatidylinositol 3-kinase complex,0.860940045,0.645875252,0.997766988,5288/5290/5291/8835/5295/5293/23533,PIK3C2G/PIK3CA/PIK3CB/SOCS2/PIK3R1/PIK3CD/PIK3R5,7
GOCC:0097418,Neurofibrillary tangle,0.853549837,0.649694501,0.997766988,4741/8301,NEFM/PICALM,2
GOCC:1990246,Uniplex complex,0.847395219,0.649694501,0.997766988,10367/221154/55013/91689,MICU1/MICU2/MCUB/SMDT1,4
GOCC:0005774,Vacuolar membrane,0.857726474,0.651546392,0.997766988,127829/8775/55207/1497/7056/23324,ARL8A/NAPA/ARL8B/CTNS/THBD/MAN2B2,6
GOCC:0097413,Lewy body,0.843838227,0.653767821,0.997766988,65018,PINK1,1
GOCC:0030016,Myofibril,0.876606731,0.655532359,0.997766988,56203/8735/9659/115557/29766/29767/4654/4624/442721/6341,LMOD3/MYH13/PDE4DIP/ARHGEF25/TMOD3/TMOD2/MYOD1/MYH6/LMOD2/SCO1,10
GOCC:0035686,Sperm fibrous sheath,0.837767879,0.6598778,0.997766988,2947,GSTM3,1
GOCC:0031362,Anchored component of external side of plasma membrane,0.866539507,0.66122449,0.997766988,929/966/7070/8692/338328/5621/2348/2352,CD14/CD59/THY1/HYAL2/GPIHBP1/PRNP/FOLR1/FOLR3,8
GOCC:0032426,Stereocilium tip,-0.862543898,0.667326733,0.997766988,388551/79955,CEACAM16/PDZD7,2
GOCC:0019907,Cyclin-dependent protein kinase activating kinase holoenzyme complex,-0.843635917,0.671755725,0.997766988,,,0
GOCC:0030314,Junctional membrane complex,-0.841970961,0.671755725,0.997766988,6261/84502/57338,RYR1/JPH4/JPH3,3
GOCC:0031201,Snare complex,-0.869328454,0.676587302,0.997766988,8673/415117/6854/8723/55014/6813/6809/26258/116841,VAMP8/STX19/SYN2/SNX4/STX17/STXBP2/STX3/BLOC1S6/SNAP47,9
GOCC:0032133,Chromosome passenger complex,-0.844154656,0.679060665,0.997766988,,,0
GOCC:0009898,Cytoplasmic side of plasma membrane,-0.868985516,0.685658153,0.997766988,5778/8502/128866/55966/3815/5530/27429/26119,PTPN7/PKP4/CHMP4B/AJAP1/KIT/PPP3CA/HTRA2/LDLRAP1,8
GOCC:0000445,Tho complex part of transcription export complex,-0.830789808,0.688715953,0.997766988,9984,THOC1,1
GOCC:0016342,Catenin complex,0.834823508,0.691206544,0.997766988,324/1010/1495/1000/10297/1003/222256/1015/1006,APC/CDH12/CTNNA1/CDH2/APC2/CDH5/CDHR3/CDH17/CDH8,9
GOCC:0044224,Juxtaparanode region of axon,-0.825180097,0.69261477,0.997766988,1742/7881/3736/1740,DLG4/KCNAB1/KCNA1/DLG2,4
GOCC:0070761,Pre-snornp complex,-0.820425611,0.694656489,0.997766988,55011/6880/10528,PIH1D1/TAF9/NOP56,3
GOCC:0098993,Anchored component of synaptic vesicle membrane,-0.82232323,0.696850394,0.997766988,5869/594855/5874/5878/115827,RAB5B/CPLX3/RAB27B/RAB5C/RAB3C,5
GOCC:0005771,Multivesicular body,-0.851439804,0.697087379,0.997766988,7783/6517/23621/6441/51652/25978/10013/1393/2697,ZP2/SLC2A4/BACE1/SFTPD/CHMP3/CHMP2B/HDAC6/CRHBP/GJA1,9
GOCC:0034715,Picln-sm protein complex,-0.824289748,0.69844358,0.997766988,6633/6632,SNRPD2/SNRPD1,2
GOCC:0070776,Moz/morf histone acetyltransferase complex,-0.819119562,0.698473282,0.997766988,64769/27154,MEAF6/BRPF3,2
GOCC:0031080,Nuclear pore outer ring,-0.819776478,0.698602794,0.997766988,6396/4928/57122/81929/23279,SEC13/NUP98/NUP107/SEH1L/NUP160,5
GOCC:0044545,Nsl complex,-0.819704302,0.704500978,0.997766988,,,0
GOCC:0070695,Fhf complex,0.79462727,0.706720978,0.997766988,84376/84067,HOOK3/FAM160A2,2
GOCC:0071944,Cell periphery,0.845050887,0.707070707,0.997766988,53354/116988/2526,PANK1/AGAP3/FUT4,3
GOCC:0071556,Integral component of lumenal side of endoplasmic reticulum membrane,0.827146573,0.707566462,0.997766988,3119/972/3107/5311/3134/3118/3115/10134/121665/3133/3123/6892,HLA-DQB1/CD74/HLA-C/PKD2/HLA-F/HLA-DQA2/HLA-DPB1/BCAP31/SPPL3/HLA-E/HLA-DRB1/TAPBP,12
GOCC:0098686,Hippocampal mossy fiber to ca3 synapse,-0.845610535,0.712665406,0.997766988,9465/23621/6456/7781/84062/6455/26045/9066/25897,AKAP7/BACE1/SH3GL2/SLC30A3/DTNBP1/SH3GL1/LRRTM2/SYT7/RNF19A,9
GOCC:0043020,Nadph oxidase complex,-0.807015003,0.714570858,0.997766988,124056/4688/4689/27035,NOXO1/NCF2/NCF4/NOX1,4
GOCC:0071547,Pip-body,0.788371625,0.714867617,0.997766988,84944,MAEL,1
GOCC:0031428,Box c/d snornp complex,0.80261154,0.723360656,0.997766988,51602/4809/2091,NOP58/SNU13/FBL,3
GOCC:0045252,Oxoglutarate dehydrogenase complex,0.802580521,0.723360656,0.997766988,1738/55753/2648,DLD/OGDHL/KAT2A,3
GOCC:0035068,Micro-ribonucleoprotein complex,-0.797390519,0.726732673,0.997766988,57510/26523/27161/1660,XPO5/AGO1/AGO2/DHX9,4
GOCC:0005579,Membrane attack complex,-0.793708208,0.732824427,0.997766988,730/732/733/727,C7/C8B/C8G/C5,4
GOCC:0005641,Nuclear envelope lumen,-0.788002286,0.735700197,0.997766988,9536/203068,PTGES/TUBB,2
GOCC:0030673,Axolemma,0.79367287,0.736842105,0.997766988,7070/6506/6711/3746/6092/3084,THY1/SLC1A2/SPTBN1/KCNC1/ROBO2/NRG1,6
GOCC:0000276,"Mitochondrial proton-transporting atp synthase complex, coupling factor f(o)",-0.784163796,0.737672584,0.997766988,521/515,ATP5ME/ATP5PB,2
GOCC:0042622,Photoreceptor outer segment membrane,0.783758966,0.738866397,0.997766988,1259/23239/8036/9249/6010,CNGA1/PHLPP1/SHOC2/DHRS3/RHO,5
GOCC:0032432,Actin filament bundle,0.798892509,0.743434343,0.997766988,79778,MICALL2,1
GOCC:0070419,Nonhomologous end joining complex,0.793176563,0.74375,0.997766988,7520/2547,XRCC5/XRCC6,2
GOCC:0035061,Interchromatin granule,0.760397351,0.745417515,0.997766988,23137/79677,SMC5/SMC6,2
GOCC:0030658,Transport vesicle membrane,0.827571562,0.745934959,0.997766988,3119/972/634/1182/3118/57221/202915/169026/3115/200734/29106/3708/3123/1363,HLA-DQB1/CD74/CEACAM1/CLCN3/HLA-DQA2/ARFGEF3/TMEM184A/SLC30A8/HLA-DPB1/SPRED2/SCG3/ITPR1/HLA-DRB1/CPE,14
GOCC:0035749,Myelin sheath adaxonal region,-0.765070866,0.750972763,0.997766988,1267,CNP,1
GOCC:0014701,Junctional sarcoplasmic reticulum membrane,0.793652192,0.753535354,0.997766988,6262,RYR2,1
GOCC:0030896,Checkpoint clamp complex,0.777231213,0.754098361,0.997766988,3364,HUS1,1
GOCC:0005922,Connexin complex,-0.785783976,0.756435644,0.997766988,127534/2697/219770,GJB4/GJA1/GJD4,3
GOCC:0030015,Ccr4-not core complex,-0.775924624,0.757338552,0.997766988,9337/29883,CNOT8/CNOT7,2
GOCC:0098690,Glycinergic synapse,-0.762213117,0.760700389,0.997766988,9152,SLC6A5,1
GOCC:0042645,Mitochondrial nucleoid,0.825260843,0.761044177,0.997766988,116447/5442/55379/7978/7417/7416/5428/54931/292/3032,TOP1MT/POLRMT/LRRC59/MTERF1/VDAC2/VDAC1/POLG/TRMT10C/SLC25A5/HADHB,10
GOCC:0089701,U2af,0.757783552,0.765625,0.997766988,199746,U2AF1L4,1
GOCC:0044666,Mll3/4 complex,0.768706255,0.766599598,0.997766988,7404/5929/11091,UTY/RBBP5/WDR5,3
GOCC:0097255,R2tp complex,-0.753499394,0.770428016,0.997766988,10856,RUVBL2,1
GOCC:0097486,Multivesicular body lumen,0.729647834,0.773930754,0.997766988,1512/643834,CTSH/PGA3,2
GOCC:0005664,Nuclear origin of replication recognition complex,0.77489978,0.775757576,0.997766988,5000/23594/29803/23595/5001,ORC4/ORC6/REPIN1/ORC3/ORC5,5
GOCC:0033391,Chromatoid body,-0.764318667,0.777120316,0.997766988,9575/9271/55124,CLOCK/PIWIL1/PIWIL2,3
GOCC:0042627,Chylomicron,-0.765403031,0.777120316,0.997766988,345/335,APOC3/APOA1,2
GOCC:0031011,Ino80 complex,-0.759106706,0.779527559,0.997766988,10445,MCRS1,1
GOCC:0101031,Chaperone complex,0.751528431,0.785416667,0.997766988,7248,TSC1,1
GOCC:0034704,Calcium channel complex,0.758638747,0.787755102,0.997766988,6262/5524/808/6263/10367/221154/55013/487/7224/805/801/5566,RYR2/PTPA/CALM3/RYR3/MICU1/MICU2/MCUB/ATP2A1/TRPC5/CALM2/CALM1/PRKACA,12
GOCC:1990124,Messenger ribonucleoprotein complex,0.764387391,0.791919192,0.997766988,11187/22849/2332/64506,PKP3/CPEB3/FMR1/CPEB1,4
GOCC:0071014,Post-mrna release spliceosomal complex,0.748239543,0.794979079,0.997766988,51340,CRNKL1,1
GOCC:0072559,Nlrp3 inflammasome complex,-0.749652767,0.795801527,0.997766988,85026/114548,ARRDC1-AS1/NLRP3,2
GOCC:0016600,Flotillin complex,0.744936777,0.795833333,0.997766988,1495/2319,CTNNA1/FLOT2,2
GOCC:0097542,Ciliary tip,-0.80251924,0.795959596,0.997766988,22858/26146/140735/51684/89891/51668/55112/150737,ICK/TRAF3IP1/DYNLL2/SUFU/WDR34/HSPB11/WDR60/TTC30B,8
GOCC:0030992,Intraciliary transport particle b,-0.765607029,0.798019802,0.997766988,26146/51668/150737/286827,TRAF3IP1/HSPB11/TTC30B/TRIM59,4
GOCC:0032391,Photoreceptor connecting cilium,-0.790751632,0.802348337,0.997766988,585/10210/254187/1068/2779/79955/51332,BBS4/TOPORS/TSGA10IP/CETN1/GNAT1/PDZD7/SPTBN5,7
GOCC:0097165,Nuclear stress granule,-0.740012297,0.802348337,0.997766988,7341/3297/1660,SUMO1/HSF1/DHX9,3
GOCC:0033162,Melanosome membrane,-0.743519888,0.807086614,0.997766988,84062/5873/1638,DTNBP1/RAB27A/DCT,3
GOCC:0031430,M band,0.752361035,0.809815951,0.997766988,2023/56203/4607/283284/4077/6711/287/442721,ENO1/LMOD3/MYBPC3/IGSF22/NBR1/SPTBN1/ANK2/LMOD2,8
GOCC:0033588,Elongator holoenzyme complex,-0.719480684,0.813229572,0.997766988,23587,ELP5,1
GOCC:0005845,Mrna cap binding complex,-0.722432126,0.822485207,0.997766988,23191,CYFIP1,1
GOCC:0030904,Retromer complex,0.726479593,0.822680412,0.997766988,112936/10807/9559,VPS26B/ENTR1/VPS26A,3
GOCC:0031092,Platelet alpha granule membrane,-0.726769683,0.828740157,0.997766988,54495/51706/6622/5175,TMX3/CYB5R1/SNCA/PECAM1,4
GOCC:0071546,Pi-body,0.724894128,0.830543933,0.997766988,136991/54456,ASZ1/MOV10L1,2
GOCC:0097546,Ciliary base,-0.759614908,0.831758034,0.997766988,255758/5567/5573/22858/26146/51684/55112,TCTEX1D2/PRKACB/PRKAR1A/ICK/TRAF3IP1/SUFU/WDR60,7
GOCC:0097060,Synaptic membrane,-0.738958689,0.833655706,0.997766988,339453/1410/23767/794/3675/2902/8898,TMEM240/CRYAB/FLRT3/CALB2/ITGA3/GRIN1/MTMR2,7
GOCC:0042765,Gpi-anchor transamidase complex,-0.712788021,0.833659491,0.997766988,8733/51604/94005/10026,GPAA1/PIGT/PIGS/PIGK,4
GOCC:0030891,Vcb complex,-0.708177972,0.835616438,0.997766988,9978,RBX1,1
GOCC:0097361,Cia complex,0.679947058,0.83706721,0.997766988,84191,CIAO2A,1
GOCC:0097470,Ribbon synapse,0.678167681,0.83706721,0.997766988,261734/1488,NPHP4/CTBP2,2
GOCC:0032045,Guanyl-nucleotide exchange factor complex,-0.701475899,0.837623762,0.997766988,85442/140775/55255/9162,KNDC1/SMCR8/WDR41/DGKI,4
GOCC:0070852,Cell body fiber,0.718452653,0.84040404,0.997766988,6716/26278/5179,SRD5A2/SACS/PENK,3
GOCC:0070083,Clathrin-sculpted monoamine transport vesicle membrane,0.675291069,0.84114053,0.997766988,6571/6844/6857,SLC18A2/VAMP2/SYT1,3
GOCC:0035098,Esc/e(z) complex,0.727274073,0.842857143,0.997766988,55506/23411/8726/121536/2146/29947,H2AFY2/SIRT1/EED/AEBP2/EZH2/DNMT3L,6
GOCC:0044309,Neuron spine,-0.674957154,0.842857143,0.997766988,2890/1742,GRIA1/DLG4,2
GOCC:0008385,Ikappab kinase complex,0.696358462,0.85110664,0.997766988,24138/1147/23085,IFIT5/CHUK/ERC1,3
GOCC:0001520,Outer dense fiber,0.666678305,0.853360489,0.997766988,4957/4956,ODF2/ODF1,2
GOCC:0042613,Mhc class ii protein complex,-0.695755624,0.856299213,0.997766988,3120/3108/3117/3122,HLA-DQB2/HLA-DMA/HLA-DQA1/HLA-DRA,4
GOCC:0000801,Central element,-0.694329903,0.856870229,0.997766988,3619/256126/56159,INCENP/SYCE2/TEX11,3
GOCC:0097227,Sperm annulus,0.667301064,0.862704918,0.997766988,23157/124404/4735/5414/1656/989,SEPT6/SEPT12/SEPT2/SEPT4/DDX6/SEPT7,6
GOCC:0045180,Basal cortex,-0.671680438,0.864970646,0.997766988,90102,PHLDB2,1
GOCC:0005779,Integral component of peroxisomal membrane,-0.686734018,0.865346535,0.997766988,92960/215,PEX11G/ABCD1,2
GOCC:0042587,Glycogen granule,-0.65716732,0.871595331,0.997766988,5499/5130/5509/79660/2194,PPP1CA/PCYT1A/PPP1R3D/PPP1R3B/FASN,5
GOCC:0005890,Sodium:potassium-exchanging atpase complex,-0.674775082,0.872047244,0.997766988,482/476/5348/477/478,ATP1B2/ATP1A1/FXYD1/ATP1A2/ATP1A3,5
GOCC:0005885,Arp2/3 protein complex,0.689692628,0.872469636,0.997766988,10094/81873/10093/653857/10109/10096/10552,ARPC3/ARPC5L/ARPC4/ACTR3C/ARPC2/ACTR3/ARPC1A,7
GOCC:0016327,Apicolateral plasma membrane,-0.702716888,0.873046875,0.997766988,9073/9074/4734/3728/1365/23255/283953/8777/1364,CLDN8/CLDN6/NEDD4/JUP/CLDN3/MTCL1/TMEM114/MPDZ/CLDN4,9
GOCC:0016272,Prefoldin complex,0.683202662,0.874476987,0.997766988,5202,PFDN2,1
GOCC:0002102,Podosome,0.697586919,0.883435583,0.997766988,58480/134265/2934/7412/6714/9948/6840/5782/23022/83706,RHOU/AFAP1L1/GSN/VCAM1/SRC/WDR1/SVIL/PTPN12/PALLD/FERMT3,10
GOCC:0070937,Crd-mediated mrna stability complex,0.633131085,0.887295082,0.997766988,10492/7812,SYNCRIP/CSDE1,2
GOCC:0032809,Neuronal cell body membrane,-0.710482627,0.891013384,0.997766988,3747/85397/9312/3748/10008/2558/57463/3751/153090/478/3208,KCNC2/RGS8/KCNB2/KCNC3/KCNE3/GABRA5/AMIGO1/KCND2/DAB2IP/ATP1A3/HPCA,11
GOCC:0042641,Actomyosin,-0.661517979,0.893491124,0.997766988,9578/4628/4627,CDC42BPB/MYH10/MYH9,3
GOCC:0005675,Transcription factor tfiih holo complex,0.66879677,0.894736842,0.997766988,1022/2073/902/2967/4331,CDK7/ERCC5/CCNH/GTF2H3/MNAT1,5
GOCC:0005859,Muscle myosin complex,-0.664209168,0.897637795,0.997766988,4625/4619,MYH7/MYH1,2
GOCC:0031088,Platelet dense granule membrane,0.620433324,0.899590164,0.997766988,6403/3708/967,SELP/ITPR1/CD63,3
GOCC:0005899,Insulin receptor complex,-0.624710671,0.908023483,0.997766988,3645/3667,INSRR/IRS1,2
GOCC:0034362,Low-density lipoprotein particle,-0.652033448,0.909448819,0.997766988,55937/335,APOM/APOA1,2
GOCC:0044214,Spanning component of plasma membrane,-0.606253441,0.916342412,0.997766988,55966,AJAP1,1
GOCC:1902494,Catalytic complex,0.628892493,0.920502092,0.997766988,808/10536/805/801/4759,CALM3/P3H3/CALM2/CALM1/NEU2,5
GOCC:0016010,Dystrophin-associated glycoprotein complex,-0.654942384,0.921875,0.997766988,8910/6645/7402/6443,SGCE/SNTB2/UTRN/SGCB,4
GOCC:0048179,Activin receptor complex,0.612479071,0.928870293,0.997766988,90/94/93/130399,ACVR1/ACVRL1/ACVR2B/ACVR1C,4
GOCC:0070578,Risc-loading complex,-0.60679947,0.928994083,0.997766988,7538/26523/27161/1660,ZFP36/AGO1/AGO2/DHX9,4
GOCC:0044300,Cerebellar mossy fiber,-0.613124905,0.929389313,0.997766988,153090/57030,DAB2IP/SLC17A7,2
GOCC:0098691,Dopaminergic synapse,-0.610709191,0.934911243,0.997766988,1814,DRD3,1
GOCC:0044613,Nuclear pore central transport channel,-0.594114189,0.935114504,0.997766988,129401/55916/53371/23636,NUP35/NXT2/NUP54/NUP62,4
GOCC:0097225,Sperm midpiece,-0.632188549,0.936170213,0.997766988,135138/6954/26160/374308/8878/79846/1672/6869,PACRG/TCP11/IFT172/PTCHD3/SQSTM1/CFAP69/DEFB1/TACR1,8
GOCC:0035631,Cd40 receptor complex,-0.581246027,0.940594059,0.997766988,7186/3551/27429,TRAF2/IKBKB/HTRA2,3
GOCC:0032040,Small-subunit processome,-0.664212996,0.943359375,0.997766988,79954/134430/10885/10528/55813,NOL10/WDR36/WDR3/NOP56/UTP6,5
GOCC:0031941,Filamentous actin,-0.653630483,0.947572816,0.997766988,71/51332,ACTG1/SPTBN5,2
GOCC:0097422,Tubular endosome,-0.560590464,0.951076321,0.997766988,58533/84079,SNX6/ANKRD27,2
GOCC:0005749,"Mitochondrial respiratory chain complex ii, succinate dehydrogenase complex (ubiquinone)",-0.541969524,0.956947162,0.997766988,6390/135154,SDHB/SDHAF4,2
GOCC:0042555,Mcm complex,-0.561174281,0.958579882,0.997766988,4175/4171/4174/4173/4796,MCM6/MCM2/MCM5/MCM4/TONSL,5
GOCC:0043198,Dendritic shaft,0.661825253,0.959266802,0.997766988,91752/23613,ZNF804A/ZMYND8,2
GOCC:0036038,Mks complex,0.55385192,0.961616162,0.997766988,51259/200728/54806/79867,TMEM216/TMEM17/AHI1/TCTN2,4
GOCC:0030124,Ap-4 adaptor complex,-0.524949412,0.962818004,0.997766988,11154,AP4S1,1
GOCC:0071797,Lubac complex,0.56447269,0.965376782,0.997766988,81858/90268,SHARPIN/OTULIN,2
GOCC:0140007,Kicstor complex,-0.511920368,0.968688845,0.997766988,55846,ITFG2,1
GOCC:0000788,Nuclear nucleosome,0.564276114,0.971659919,0.997766988,3008/7141/474381/92815,HIST1H1E/TNP1/H2AFB2/HIST3H2A,4
GOCC:0035748,Myelin sheath abaxonal region,-0.514012156,0.972762646,0.997766988,1267,CNP,1
GOCC:0016589,Nurf complex,0.518018138,0.981171548,0.997766988,10042,HMGXB4,1
GOCC:0032593,Insulin-responsive compartment,0.50966735,0.983606557,0.998146656,10890,RAB10,1
GOCC:0032433,Filopodium tip,-0.513074855,0.984375,0.998146656,7976/160/3093/57348/10006/22871/2047/23191,FZD3/AP2A1/UBE2K/TTYH1/ABI1/NLGN1/EPHB1/CYFIP1,8
GOCC:0043240,Fanconi anaemia nuclear complex,0.522152907,0.985858586,0.998146656,2188/2187/2175/378708,FANCF/FANCB/FANCA/CENPS,4
GOCC:0016591,"Rna polymerase ii, holoenzyme",0.476464074,0.987878788,0.998193073,2073/9400/58490/79871/4646/23248/81488/145781/55197,ERCC5/RECQL5/RPRD1B/RPAP2/MYO6/RPRD2/POLR2M/GCOM1/RPRD1A,9
GOCC:0120103,Centriolar subdistal appendage,-0.492800565,0.98816568,0.998193073,9859/11064/3796/90060,CEP170/CNTRL/KIF2A/CCDC120,4
GOCC:0071458,Integral component of cytoplasmic side of endoplasmic reticulum membrane,0.471522099,0.993852459,0.998678357,5311/121665,PKD2/SPPL3,2
GOCC:0070652,Haus complex,-0.410362074,0.998084291,1,79441/115106/23354,HAUS3/HAUS1/HAUS5,3