gene,pos|score,pos|p-value,pos|fdr,pos|rank,pos|lfc,pos|goodsgrnacount,pos|goodsgrnaid,pos|goodsgrnalfc,id
NRBP1,4.26E-07,1.60E-06,0.034653,1,1.258,6,HGLibB_32610;HGLibB_32611;HGLibB_32612;HGLibA_32654;HGLibA_32656;HGLibA_32655;,1.4702;0.8864;0.89728;2.3284;1.6384;1.0458;,29959
WDR70,5.71E-06,1.94E-05,0.162129,2,1.2807,5,HGLibB_54097;HGLibB_54096;HGLibB_54098;HGLibA_54164;HGLibA_54163;,1.1515;0.84746;2.1013;3.6577;1.41;,55100
PKD1,1.04E-05,2.26E-05,0.162129,3,0.95806,4,HGLibB_36742;HGLibB_36741;HGLibA_36790;HGLibA_36788;,5.6958;1.815;1.5128;0.4033;,5310
SLC29A3,1.21E-05,2.99E-05,0.162129,4,1.3817,6,HGLibA_44846;HGLibB_44794;HGLibB_44792;HGLibA_44845;HGLibA_44847;HGLibB_44793;,2.1569;2.198;1.6742;1.0893;0.52573;0.26384;,55315
hsa-mir-3194,1.67E-05,4.68E-05,0.20297,5,1.0496,4,HGLibA_58873;HGLibA_58874;HGLibA_58872;HGLibA_58875;,5.2829;1.4708;0.6283;0.037175;,100422889
CHEK1,3.11E-05,0.00014443,0.335573,6,1.2212,6,HGLibA_09418;HGLibA_09420;HGLibA_09419;HGLibB_09412;HGLibB_09411;HGLibB_09410;,5.7714;2.211;0.80205;1.4411;1.0013;0.15805;,1111
ETV3L,3.80E-05,0.00015766,0.335573,7,0.80876,4,HGLibA_15656;HGLibB_15633;HGLibB_15634;HGLibA_15657;,2.3252;1.5905;0.89649;0.72102;,440695
PKMYT1,4.28E-05,0.00016496,0.335573,8,1.3887,5,HGLibB_36786;HGLibA_36833;HGLibA_36834;HGLibB_36787;HGLibB_36788;,1.603;1.4982;1.6021;0.69593;1.2791;,9088
TAF3,4.50E-05,0.00016861,0.335573,9,0.96097,5,HGLibB_48171;HGLibA_48231;HGLibB_48172;HGLibA_48232;HGLibB_48173;,1.1926;0.97479;2.8902;0.94714;0.65405;,83860
HCRTR1,5.32E-05,0.00018459,0.335573,10,0.72222,4,HGLibA_20989;HGLibB_20961;HGLibB_20959;HGLibB_20960;,2.7731;1.539;1.1073;0.33711;,3061
CLDN9,5.46E-05,0.00018687,0.335573,11,0.75502,6,HGLibB_09904;HGLibB_09905;HGLibA_09912;HGLibB_09903;HGLibA_09914;HGLibA_09913;,1.2002;1.3611;0.814;0.5705;0.69604;0.54767;,9080
CEBPZ,7.98E-05,0.00021653,0.335573,14,1.1962,6,HGLibA_08971;HGLibB_08963;HGLibB_08964;HGLibA_08972;HGLibA_08970;HGLibB_08965;,1.6258;1.8338;0.76653;2.0637;0.66805;0.3421;,1649
hsa-mir-302f,0.00013961,0.00028543,0.412871,25,2.0858,2,HGLibA_58457;HGLibA_58456;,2.0858;4.1323;,100302131
GTPBP4,0.00010387,0.00034658,0.440404,16,0.78316,4,HGLibA_20611;HGLibB_20583;HGLibB_20582;HGLibB_20581;,2.5201;1.679;0.94168;0.62463;,23560
NPIPA5,0.00028806,0.0004383,0.440404,42,0.8216,3,HGLibB_32429;HGLibB_32428;HGLibA_32473;,3.0988;0.8216;0.4911;,100288332
CDK7,0.00011016,0.00045793,0.440404,17,0.93021,6,HGLibB_08788;HGLibA_08795;HGLibB_08787;HGLibB_08786;HGLibA_08793;HGLibA_08794;,1.6686;0.97654;0.93166;0.92877;0.4716;0.59368;,1022
SMPD4,0.0001208,0.00048257,0.440404,18,0.91862,6,HGLibA_45812;HGLibB_45757;HGLibA_45813;HGLibB_45756;HGLibA_45811;HGLibB_45758;,0.69829;0.88826;0.94897;1.1604;1.4308;0.31524;,55627
MRPL16,0.00012544,0.00048485,0.440404,19,1.3308,5,HGLibA_29908;HGLibA_29909;HGLibB_29869;HGLibB_29867;HGLibB_29868;,2.0754;2.5017;2.8107;0.58629;0.15578;,54948
SPCS3,0.00012776,0.00049672,0.440404,21,1.0916,6,HGLibB_46509;HGLibA_46564;HGLibB_46507;HGLibA_46565;HGLibA_46563;HGLibB_46508;,1.5574;1.8752;0.65347;1.5298;0.35417;0.15453;,60559
DSG1,0.00012989,0.00049717,0.440404,22,0.8675,5,HGLibB_14000;HGLibA_14022;HGLibA_14023;HGLibA_14021;HGLibB_13999;,1.0936;0.88904;2.5336;0.84597;0.64847;,1828
BHMT2,0.00013455,0.00052364,0.440404,23,0.89802,5,HGLibA_04489;HGLibA_04487;HGLibB_04486;HGLibB_04485;HGLibB_04487;,1.7383;1.5675;1.0617;0.73433;0.0029704;,23743
CD86,0.00013813,0.00052775,0.440404,24,0.91371,6,HGLibA_08467;HGLibA_08469;HGLibB_08461;HGLibB_08460;HGLibA_08468;HGLibB_08462;,5.0076;1.1968;1.1576;0.66983;0.36908;0.34895;,942
DDHD1,0.0001782,0.00062494,0.464191,26,0.96962,5,HGLibB_12590;HGLibB_12589;HGLibA_12604;HGLibA_12603;HGLibB_12588;,2.3538;1.4143;0.52492;1.6126;0.23499;,80821
BRF1,0.00018426,0.00062859,0.464191,27,1.3423,6,HGLibA_04797;HGLibB_04795;HGLibA_04798;HGLibB_04794;HGLibA_04796;HGLibB_04796;,1.7579;1.0856;2.8381;1.5989;0.5535;0.41133;,2972
IFNL1,0.00019601,0.0007874,0.485043,29,1.3553,6,HGLibA_22719;HGLibB_22688;HGLibA_22720;HGLibB_22687;HGLibB_22689;HGLibA_22718;,1.3725;1.338;0.99236;1.3958;2.3601;0.46139;,282618
KCNAB2,0.00022047,0.00084033,0.485043,31,0.9841,5,HGLibB_24115;HGLibB_24117;HGLibA_24149;HGLibB_24116;HGLibA_24150;,1.2702;2.5709;5.0179;0.69802;0.50558;,8514
TRPV2,0.00023546,0.00087729,0.485043,35,0.80918,5,HGLibA_51784;HGLibB_51719;HGLibB_51720;HGLibB_51721;HGLibA_51786;,1.475;1.316;1.6584;0.22095;0.30236;,51393
SMIM6,0.00025293,0.00091426,0.485043,36,0.73937,5,HGLibB_45708;HGLibB_45710;HGLibA_45763;HGLibB_45709;HGLibA_45764;,1.2132;1.947;1.1042;0.37454;0.33532;,100130933
RPL7L1,0.00025894,0.00094392,0.485043,38,1.1238,5,HGLibA_41999;HGLibB_41947;HGLibA_41998;HGLibB_41946;HGLibB_41945;,1.4838;1.3168;1.7793;0.93091;0.63224;,285855
MYLK2,0.0002726,0.00096491,0.485043,40,0.87381,5,HGLibA_30786;HGLibA_30787;HGLibA_30788;HGLibB_30745;HGLibB_30746;,1.4302;5.0751;0.62838;0.69585;1.0518;,85366
LMOD3,0.00027632,0.00096537,0.485043,41,0.90774,5,HGLibB_26684;HGLibA_26722;HGLibB_26685;HGLibB_26686;HGLibA_26724;,4.0578;1.3681;1.4788;0.23705;0.44739;,56203
GNL2,0.0003089,0.0010402,0.485043,44,0.70423,6,HGLibB_19519;HGLibB_19520;HGLibA_19546;HGLibA_19547;HGLibA_19548;HGLibB_19521;,1.1286;0.68531;0.73396;0.6792;0.72315;0.10532;,29889
PIK3C3,0.00032091,0.0012063,0.516885,46,0.76191,4,HGLibB_36583;HGLibA_36629;HGLibB_36582;HGLibA_36631;,0.82473;1.174;0.69908;1.0074;,5289
MRPL18,0.00036418,0.0013026,0.516885,52,0.80575,6,HGLibB_29873;HGLibA_29914;HGLibB_29874;HGLibB_29875;HGLibA_29915;HGLibA_29916;,1.09;1.074;0.74224;0.63382;0.42275;0.86925;,79590
TMEM242,0.00036664,0.0013026,0.516885,54,0.89606,4,HGLibA_50290;HGLibA_50292;HGLibB_50230;HGLibB_50232;,1.5349;1.4727;1.1278;0.66434;,729515
IQSEC1,0.00042474,0.0014504,0.527769,58,0.75167,5,HGLibB_23509;HGLibB_23507;HGLibA_23540;HGLibB_23508;HGLibA_23542;,1.2724;1.9411;3.3935;0.13775;0.23092;,9922
PPP1CB,0.00042498,0.0014504,0.527769,59,1.5217,5,HGLibB_37958;HGLibA_38008;HGLibB_37960;HGLibA_38009;HGLibB_37959;,1.9048;1.7524;0.70457;1.3017;1.7416;,5500
CITED1,0.00042701,0.0014778,0.527769,60,0.96016,6,HGLibB_09732;HGLibA_09742;HGLibA_09741;HGLibB_09733;HGLibA_09743;HGLibB_09734;,2.5445;1.3468;0.57352;0.41993;2.7141;0.051685;,4435
MEP1A,0.00045042,0.0015248,0.527769,62,0.77464,6,HGLibA_28896;HGLibB_28854;HGLibA_28894;HGLibB_28853;HGLibA_28895;HGLibB_28855;,1.2305;0.88627;1.1278;0.66301;0.58155;0.12718;,4224
UPRT,0.00047397,0.0015568,0.527769,64,0.89382,5,HGLibB_53026;HGLibA_53092;HGLibB_53028;HGLibB_53027;HGLibA_53091;,1.7183;1.2333;0.55432;1.2693;0.033655;,139596
hsa-mir-105-2,0.0013122,0.0016604,0.548391,158,1.4546,3,HGLibA_57181;HGLibA_57183;HGLibA_57182;,1.4546;1.5082;1.2972;,406898
ZNRD1,0.00048367,0.0017694,0.548391,66,0.9841,6,HGLibA_56935;HGLibB_56867;HGLibA_56936;HGLibA_56934;HGLibB_56869;HGLibB_56868;,1.6179;0.90042;1.345;1.0678;0.42587;0.38147;,30834
NCMAP,0.00048905,0.0017804,0.548391,67,0.84729,6,HGLibA_31331;HGLibA_31333;HGLibB_31289;HGLibA_31332;HGLibB_31291;HGLibB_31290;,2.4815;1.957;0.6548;1.0398;0.28694;0.49429;,400746
STK31,0.00049102,0.0017808,0.548391,68,0.77961,4,HGLibB_47424;HGLibB_47422;HGLibA_47480;HGLibA_47479;,3.5764;1.3698;1.3414;0.21778;,56164
MRP63,0.00052792,0.001894,0.548391,70,0.70738,6,HGLibB_29844;HGLibB_29843;HGLibA_29886;HGLibB_29845;HGLibA_29884;HGLibA_29885;,0.64937;0.66588;1.0636;0.74464;0.67012;1.5495;,78988
MAP7D3,0.00053259,0.0019027,0.548391,72,1.3191,6,HGLibA_28241;HGLibA_28242;HGLibA_28240;HGLibB_28199;HGLibB_28200;HGLibB_28201;,1.6258;1.4321;1.7031;1.2061;0.13362;0.11619;,79649
hsa-mir-3657,0.00094381,0.0020113,0.548391,115,1.1951,4,HGLibA_59174;HGLibA_59172;HGLibA_59173;HGLibA_59175;,1.0439;1.6961;0.42359;1.3463;,100500889
CCDC73,0.00080336,0.0023508,0.548391,101,1.3634,5,HGLibA_07859;HGLibB_07853;HGLibB_07852;HGLibA_07858;HGLibA_07860;,1.5712;0.51977;1.3634;1.7046;0.54432;,493860
SNX12,0.00055986,0.0023814,0.548391,73,0.97187,6,HGLibB_45977;HGLibA_46034;HGLibB_45976;HGLibA_46033;HGLibA_46032;HGLibB_45978;,1.8942;2.4001;0.47119;0.58356;1.3602;0.28306;,29934
XYLT1,0.00057915,0.0024224,0.548391,75,1.0341,4,HGLibA_54618;HGLibA_54619;HGLibB_54553;HGLibB_54551;,1.1009;1.0575;1.2637;1.0107;,64131
DDX54,0.00058631,0.0024539,0.548391,76,0.81679,6,HGLibA_12745;HGLibB_12731;HGLibB_12729;HGLibA_12743;HGLibA_12744;HGLibB_12730;,1.3022;1.5041;0.49905;0.88392;0.74967;0.26166;,79039
RRP36,0.00061134,0.002537,0.548391,78,0.77448,5,HGLibA_42279;HGLibA_42278;HGLibB_42225;HGLibA_42277;HGLibB_42226;,2.3498;2.0249;1.3044;0.20517;0.24452;,88745
FAM208B,0.00062163,0.0025434,0.548391,79,1.1496,6,HGLibA_16434;HGLibB_16414;HGLibA_16436;HGLibB_16413;HGLibA_16435;HGLibB_16412;,2.9996;1.4849;0.98347;1.3158;0.56215;0.55646;,54906
FSD2,0.0006269,0.0025548,0.548391,80,0.94849,4,HGLibB_18059;HGLibB_18058;HGLibA_18084;HGLibA_18082;,1.5441;1.3408;1.3754;0.55618;,123722
TMEM106B,0.00064079,0.0025762,0.548391,83,0.73171,5,HGLibB_49796;HGLibB_49795;HGLibA_49855;HGLibB_49797;HGLibA_49857;,0.99715;1.4063;1.1392;0.46627;0.23221;,54664
ANGPT1,0.00065713,0.0026542,0.548391,84,0.83434,4,HGLibA_01900;HGLibB_01899;HGLibB_01900;HGLibA_01901;,2.513;1.6514;0.93873;0.72996;,284
NR2F2,0.00070258,0.0027455,0.548391,88,0.90356,6,HGLibB_32568;HGLibA_32614;HGLibB_32569;HGLibA_32612;HGLibB_32570;HGLibA_32613;,1.6241;1.4301;1.008;0.79912;0.24067;0.59415;,7026
C4orf21,0.00071642,0.0028213,0.548391,90,0.74602,4,HGLibA_06301;HGLibB_06299;HGLibB_06297;HGLibA_06302;,0.96883;0.9165;0.95484;0.57554;,55345
SSTR3,0.00072721,0.0028217,0.548391,91,0.93186,4,HGLibB_47123;HGLibA_47179;HGLibA_47181;HGLibB_47122;,0.91689;3.2209;0.94683;1.0145;,6753
SH3GLB1,0.00072987,0.0028418,0.548391,92,1.0091,6,HGLibB_43901;HGLibA_43955;HGLibA_43956;HGLibB_43902;HGLibA_43954;HGLibB_43903;,2.3576;1.2415;2.8324;0.77678;0.29183;0.084744;,51100
PGLYRP4,0.00075372,0.0029331,0.548391,93,1.2401,6,HGLibB_36210;HGLibB_36212;HGLibA_36258;HGLibA_36259;HGLibA_36257;HGLibB_36211;,1.2912;1.1963;1.9563;1.0126;1.284;0.36109;,57115
TAF2,0.00075552,0.0029486,0.548391,94,0.90521,6,HGLibA_48228;HGLibA_48227;HGLibB_48170;HGLibB_48168;HGLibB_48169;HGLibA_48229;,1.2712;1.8272;1.0586;0.36935;0.75185;0.32508;,6873
TRNP1,0.00078466,0.0030189,0.548391,96,0.84879,5,HGLibB_51645;HGLibA_51711;HGLibB_51646;HGLibB_51644;HGLibA_51710;,1.1114;1.439;3.0955;0.58617;0.088556;,7217
VPS33A,0.00078947,0.0030586,0.548391,97,1.1062,6,HGLibB_53697;HGLibB_53698;HGLibB_53699;HGLibA_53765;HGLibA_53764;HGLibA_53763;,1.3405;0.6238;1.7405;1.1297;1.0826;0.31185;,65082
hsa-mir-4504,0.0015449,0.0030809,0.548391,181,1.3585,4,HGLibA_60442;HGLibA_60444;HGLibA_60441;HGLibA_60443;,1.6082;1.5532;1.1637;0.77636;,100616261
NCKAP1,0.00079274,0.0030859,0.548391,98,0.79557,6,HGLibA_31312;HGLibB_31269;HGLibA_31311;HGLibB_31268;HGLibB_31270;HGLibA_31310;,1.3149;0.77021;0.82092;0.38702;0.89308;0.33017;,10787
KIF20B,0.00079773,0.0030859,0.548391,99,1.0931,5,HGLibB_24861;HGLibA_24894;HGLibA_24895;HGLibB_24862;HGLibA_24896;,1.5347;1.3339;1.1353;1.0509;0.88759;,9585
C4orf36,0.00088133,0.0032479,0.548391,109,1.4776,5,HGLibB_06323;HGLibB_06322;HGLibA_06327;HGLibB_06321;HGLibA_06326;,1.9952;1.0682;1.887;3.5183;0.45917;,132989
RASA3,0.00090029,0.003294,0.548391,110,0.73783,5,HGLibB_40251;HGLibB_40252;HGLibA_40302;HGLibA_40303;HGLibB_40250;,1.0953;2.3954;1.4929;0.33316;0.38035;,22821
REXO1L1,0.000943,0.0034588,0.548391,114,0.88581,5,HGLibB_40843;HGLibA_40894;HGLibB_40841;HGLibB_40842;HGLibA_40893;,3.005;2.0194;0.80868;0.96295;0.14805;,254958
ALX1,0.00094731,0.0034738,0.548391,116,0.84958,5,HGLibA_01732;HGLibA_01733;HGLibB_01732;HGLibB_01731;HGLibA_01734;,1.1589;1.0691;1.0652;0.63401;0.51887;,8092
KRT34,0.0010027,0.0036239,0.548391,121,0.95953,5,HGLibB_25450;HGLibA_25487;HGLibB_25451;HGLibA_25486;HGLibB_25449;,1.6913;1.3236;1.0997;0.81935;0.31687;,3885
POLR3B,0.0010081,0.0036801,0.548391,123,0.70603,5,HGLibB_37563;HGLibB_37562;HGLibA_37613;HGLibA_37612;HGLibA_37611;,1.2579;0.90738;0.7071;0.70495;0.59773;,55703
PGBD3,0.0010094,0.0036801,0.548391,124,1.0015,6,HGLibA_36221;HGLibB_36175;HGLibB_36176;HGLibB_36174;HGLibA_36223;HGLibA_36222;,1.3574;0.91723;1.0858;0.47217;1.4903;0.05839;,267004
IL17RC,0.0010182,0.0036805,0.548391,128,1.0558,5,HGLibA_23009;HGLibB_22978;HGLibB_22980;HGLibB_22979;HGLibA_23010;,1.9834;0.65367;2.574;1.0602;1.0515;,84818
hsa-mir-8080,0.0019247,0.0039429,0.548391,221,1.0199,4,HGLibA_64163;HGLibA_64164;HGLibA_64162;HGLibA_64161;,2.5931;0.88019;1.1597;0.75316;,102465877
CD300C,0.0010378,0.0039694,0.548391,131,0.83901,5,HGLibB_08328;HGLibA_08337;HGLibB_08330;HGLibA_08336;HGLibB_08329;,1.7558;1.3724;0.89045;0.78758;0.30146;,10871
MORF4L2,0.0010939,0.0040949,0.548391,136,0.82861,6,HGLibB_29622;HGLibA_29664;HGLibA_29663;HGLibB_29623;HGLibA_29662;HGLibB_29621;,1.0645;2.8568;1.0558;0.47495;0.60143;0.34129;,9643
SLC35A4,0.0010966,0.0040949,0.548391,137,0.70004,5,HGLibB_44902;HGLibB_44904;HGLibA_44957;HGLibA_44955;HGLibB_44903;,0.76259;0.7105;0.82658;0.68957;0.30906;,113829
NCBP1,0.0011117,0.0041337,0.548391,138,0.90794,5,HGLibB_31239;HGLibA_31280;HGLibB_31238;HGLibB_31240;HGLibA_31281;,1.7705;1.1184;0.81359;0.84724;0.96864;,4686
GPR152,0.0011158,0.0041583,0.548391,139,1.135,5,HGLibB_19907;HGLibB_19909;HGLibA_19935;HGLibB_19908;HGLibA_19936;,0.98647;1.4484;1.5679;1.2835;0.69844;,390212
PBRM1,0.0011266,0.004193,0.548391,140,0.70273,5,HGLibA_35341;HGLibB_35293;HGLibA_35339;HGLibA_35340;HGLibB_35292;,1.982;0.70848;0.69698;0.75808;0.6499;,55193
ZNF706,0.0011349,0.0042158,0.548391,142,0.73831,6,HGLibB_56530;HGLibA_56597;HGLibB_56529;HGLibB_56528;HGLibA_56595;HGLibA_56596;,1.3515;0.90339;1.1504;0.35064;0.57323;0.48717;,51123
FADS6,0.0011927,0.0042724,0.548391,147,0.72367,4,HGLibA_15943;HGLibB_15920;HGLibA_15944;HGLibB_15922;,1.9273;0.84907;1.5299;0.59827;,3992
WDR33,0.0012023,0.0043335,0.548391,148,0.91724,5,HGLibB_54001;HGLibB_54000;HGLibA_54067;HGLibA_54066;HGLibB_54002;,1.8618;1.1445;0.68997;1.9655;0.56963;,55339
PPP1R9A,0.00121,0.0043335,0.548391,150,0.93506,5,HGLibB_38080;HGLibB_38078;HGLibB_38079;HGLibA_38127;HGLibA_38128;,1.08;1.152;0.79016;1.495;0.039505;,55607
MEP1B,0.0012708,0.0044609,0.548391,153,0.75073,4,HGLibA_28897;HGLibB_28858;HGLibA_28898;HGLibB_28856;,2.6149;0.78912;1.2315;0.71234;,4225
SERAC1,0.0012712,0.0044609,0.548391,154,0.79192,6,HGLibB_43409;HGLibA_43464;HGLibB_43411;HGLibA_43463;HGLibB_43410;HGLibA_43462;,2.2328;1.278;0.77849;0.80534;0.34578;0.056338;,84947
NRG1,0.0012921,0.0045015,0.548391,156,0.75265,5,HGLibA_32677;HGLibA_32676;HGLibB_32633;HGLibB_32632;HGLibA_32675;,2.2366;0.93925;1.1055;0.52249;0.56605;,3084
PLA1A,0.001295,0.0045015,0.548391,157,0.77059,6,HGLibA_36865;HGLibA_36864;HGLibB_36818;HGLibB_36816;HGLibA_36863;HGLibB_36817;,1.12;0.86058;0.84757;0.69362;0.4433;0.16856;,51365
RPAIN,0.0013227,0.0045672,0.548391,160,0.75916,5,HGLibB_41758;HGLibB_41759;HGLibB_41760;HGLibA_41810;HGLibA_41811;,1.3008;0.43321;1.3573;1.0676;0.45068;,84268
SETD3,0.0013752,0.0046767,0.548391,164,1.0189,5,HGLibB_43592;HGLibA_43646;HGLibB_43594;HGLibA_43645;HGLibB_43593;,1.5357;1.4607;1.0434;0.99446;0.23552;,84193
CACNG7,0.0013825,0.0046772,0.548391,167,0.75068,5,HGLibB_06943;HGLibB_06942;HGLibA_06946;HGLibA_06947;HGLibB_06941;,1.1764;0.80778;1.7599;0.69358;0.41464;,59284
SMG6,0.0013826,0.0046772,0.548391,168,0.71146,6,HGLibA_45703;HGLibB_45648;HGLibB_45649;HGLibA_45704;HGLibB_45650;HGLibA_45705;,1.3399;0.66275;0.59742;0.76017;0.84767;0.24483;,23293
hsa-mir-3150a,0.0022336,0.0047013,0.548391,255,0.90689,3,HGLibA_58656;HGLibA_58654;HGLibA_58657;,1.2533;3.0166;0.5605;,100422964
EXOSC2,0.0014256,0.0047894,0.548391,171,0.78267,6,HGLibB_15753;HGLibA_15775;HGLibA_15774;HGLibB_15752;HGLibA_15776;HGLibB_15754;,0.90805;0.98428;0.97709;0.65729;0.58358;0.2329;,23404
PPP2R5C,0.0014526,0.0048159,0.548391,173,1.1109,4,HGLibB_38126;HGLibB_38127;HGLibA_38176;HGLibA_38175;,1.2293;1.1811;1.2869;1.0406;,5527
hsa-mir-4753,0.0024206,0.0049003,0.548391,275,0.88654,4,HGLibA_61109;HGLibA_61108;HGLibA_61111;HGLibA_61110;,1.7365;1.4585;0.31455;0.11176;,100616224
MLX,0.001484,0.0049122,0.548391,176,0.79644,4,HGLibA_29439;HGLibA_29438;HGLibA_29437;HGLibB_29397;,1.6301;1.235;1.1689;0.42402;,51085
ETHE1,0.0015245,0.0050071,0.548391,177,0.78718,6,HGLibB_15607;HGLibA_15628;HGLibA_15630;HGLibA_15629;HGLibB_15608;HGLibB_15606;,1.0274;4.2081;0.80881;0.76555;0.38028;0.31357;,23474
PDIA2,0.0015412,0.0050381,0.548391,179,0.71069,5,HGLibA_35874;HGLibB_35828;HGLibB_35826;HGLibA_35873;HGLibA_35875;,0.68346;0.27727;0.73792;0.93788;0.88266;,64714
RPP38,0.0015421,0.0050381,0.548391,180,1.4885,5,HGLibB_41985;HGLibB_41986;HGLibA_42039;HGLibA_42037;HGLibA_42038;,1.9542;1.0551;1.9219;3.0701;0.50524;,10557
SHE,0.0015693,0.0050609,0.548391,183,0.85087,6,HGLibA_44020;HGLibB_43967;HGLibB_43969;HGLibA_44022;HGLibB_43968;HGLibA_44021;,1.5854;0.96782;3.3626;0.73393;0.034829;0.036133;,126669
ZNF234,0.0015784,0.005086,0.548391,185,1.2375,6,HGLibB_55579;HGLibB_55577;HGLibA_55646;HGLibA_55644;HGLibB_55578;HGLibA_55645;,1.1449;1.2781;1.1968;1.6519;1.4331;0.45337;,10780
HNRNPU,0.0015844,0.005086,0.548391,187,1.101,5,HGLibA_21847;HGLibB_21817;HGLibB_21816;HGLibA_21845;HGLibB_21818;,2.0709;1.4962;1.3535;0.84843;0.398;,3192
CDK11B,0.0015979,0.0050865,0.548391,189,1.0325,6,HGLibA_08728;HGLibA_08729;HGLibB_08721;HGLibB_08722;HGLibB_08720;HGLibA_08727;,1.8664;1.2868;3.8553;0.77827;0.51868;0.67766;,984
HARS,0.0016319,0.0051832,0.548391,194,1.0232,5,HGLibB_20828;HGLibB_20827;HGLibB_20829;HGLibA_20856;HGLibA_20855;,2.8884;0.66448;1.5137;1.3819;0.53833;,3035
C6orf163,0.0016385,0.0051837,0.548391,195,0.80989,5,HGLibB_06452;HGLibA_06456;HGLibB_06450;HGLibA_06454;HGLibA_06455;,0.80153;1.5187;1.958;0.81825;0.62819;,206412
RABGAP1L,0.0016399,0.0051837,0.548391,196,0.75432,5,HGLibB_39962;HGLibB_39960;HGLibA_40012;HGLibA_40013;HGLibB_39961;,1.267;0.94555;2.2554;0.56309;0.34192;,9910
AZGP1,0.0016628,0.0053019,0.548391,198,1.0083,5,HGLibA_03930;HGLibB_03928;HGLibB_03927;HGLibA_03929;HGLibA_03931;,1.4044;2.0441;0.78131;0.86684;1.1499;,563
hsa-mir-3148,0.0025909,0.0055323,0.548391,292,1.0518,4,HGLibA_58648;HGLibA_58651;HGLibA_58650;HGLibA_58649;,1.1975;0.90597;1.4155;0.46354;,100422876
PIEZO1,0.0016846,0.0056204,0.548391,200,1.0372,4,HGLibB_36487;HGLibA_36535;HGLibA_36534;HGLibB_36488;,1.5749;1.5982;1.0151;1.0593;,9780
SYNPR,0.0017093,0.0056469,0.548391,202,0.70536,6,HGLibB_47968;HGLibA_48028;HGLibA_48027;HGLibA_48026;HGLibB_47969;HGLibB_47967;,0.79395;0.61677;1.3657;1.2172;0.08908;0.016601;,132204
TSPY2,0.0028368,0.005666,0.548391,319,2.2137,2,HGLibA_51966;HGLibA_51967;,2.177;2.2505;,64591
ZNF514,0.0017755,0.0058308,0.548391,206,0.85547,4,HGLibB_56073;HGLibB_56072;HGLibA_56141;HGLibA_56140;,1.6067;1.3658;1.2516;0.45934;,84874
OR4C6,0.001863,0.0063533,0.548391,211,0.72103,6,HGLibB_33918;HGLibB_33916;HGLibB_33917;HGLibA_33963;HGLibA_33961;HGLibA_33962;,1.1108;0.57537;0.52278;0.99287;0.86668;0.11663;,219432
MAGED1,0.0019121,0.0064108,0.548391,217,0.74627,6,HGLibA_27969;HGLibB_27926;HGLibB_27927;HGLibA_27968;HGLibA_27967;HGLibB_27928;,2.0025;1.0624;0.43016;0.3586;1.4011;0.34215;,9500
CCDC59,0.0019184,0.0064112,0.548391,219,0.78613,6,HGLibB_07801;HGLibA_07809;HGLibA_07807;HGLibB_07802;HGLibB_07803;HGLibA_07808;,1.2007;0.5663;2.1115;0.3621;1.006;0.35718;,29080
FCGR1A,0.0027163,0.0064162,0.548391,305,0.72332,5,HGLibB_17161;HGLibB_17160;HGLibA_17183;HGLibA_17182;HGLibA_17184;,0.72332;1.6603;0.59162;1.8011;0.25707;,2209
OIP5,0.0019654,0.0064719,0.548391,225,0.72246,4,HGLibA_33332;HGLibA_33333;HGLibB_33287;HGLibB_33288;,1.4732;0.78074;0.66417;0.98507;,11339
hsa-mir-6125,0.0032561,0.0065947,0.548391,358,1.8753,4,HGLibA_62646;HGLibA_62648;HGLibA_62647;HGLibA_62649;,2.3207;1.4298;2.4238;0.73305;,102465133
JMJD6,0.0020187,0.0066184,0.548391,229,0.83655,6,HGLibB_23925;HGLibB_23924;HGLibB_23923;HGLibA_23959;HGLibA_23958;HGLibA_23957;,1.7609;1.0888;0.74641;0.9267;0.30139;0.4759;,23210
NOP58,0.0020332,0.0067197,0.548391,230,0.9437,4,HGLibA_32317;HGLibA_32316;HGLibB_32273;HGLibB_32272;,3.2225;2.2841;1.0026;0.88477;,51602
NUDT4,0.002063,0.0068735,0.548391,233,0.82684,5,HGLibA_32979;HGLibB_32934;HGLibA_32978;HGLibA_32980;HGLibB_32935;,0.90629;1.8267;0.72243;1.5742;0.74739;,11163
RASSF6,0.0020701,0.0068735,0.548391,234,0.88306,5,HGLibB_40338;HGLibA_40388;HGLibB_40337;HGLibA_40389;HGLibB_40339;,3.8571;1.2432;0.9867;0.77942;0.14927;,166824
CCDC138,0.0020748,0.0069109,0.548391,235,0.73384,5,HGLibA_07609;HGLibA_07611;HGLibB_07604;HGLibB_07605;HGLibA_07610;,2.0603;1.3916;1.1055;0.36213;0.1293;,165055
LYRM5,0.0021305,0.0070022,0.548391,238,0.80636,5,HGLibB_27714;HGLibA_27755;HGLibB_27715;HGLibA_27756;HGLibA_27754;,1.3321;1.1745;1.5138;0.43826;0.42496;,144363
SFPQ,0.0021328,0.0070022,0.548391,239,0.79506,5,HGLibA_43729;HGLibA_43730;HGLibB_43677;HGLibA_43731;HGLibB_43678;,1.3341;2.2271;0.63253;0.7994;0.79072;,6421
MKI67IP,0.0021335,0.0070022,0.548391,240,1.0843,4,HGLibA_29327;HGLibA_29326;HGLibA_29328;HGLibB_29287;,4.5099;3.8089;1.7554;0.41328;,84365
MCF2L,0.0021453,0.0070022,0.548391,242,1.151,6,HGLibB_28540;HGLibB_28539;HGLibA_28581;HGLibA_28580;HGLibB_28538;HGLibA_28579;,1.3095;0.99241;1.6496;1.319;0.80187;0.13053;,23263
MYCL,0.0021692,0.0070642,0.548391,246,1.1166,5,HGLibB_30632;HGLibA_30672;HGLibB_30630;HGLibA_30674;HGLibA_30673;,3.7471;1.536;0.69088;0.69734;1.8393;,4610
TMTC2,0.0022089,0.0071272,0.548391,253,0.72324,6,HGLibB_50610;HGLibB_50611;HGLibA_50674;HGLibB_50612;HGLibA_50673;HGLibA_50672;,1.6288;0.96976;0.77587;0.30443;0.67061;0.20502;,160335
hsa-mir-580,0.0036326,0.0071532,0.548391,394,0.9051,4,HGLibA_62417;HGLibA_62420;HGLibA_62418;HGLibA_62419;,2.513;1.324;0.48617;0.12413;,693165
GTF3C5,0.0022383,0.007192,0.548391,257,0.77194,4,HGLibB_20565;HGLibB_20564;HGLibB_20563;HGLibA_20592;,1.096;1.1419;1.0581;0.48576;,9328
IST1,0.0022664,0.0072294,0.548391,258,0.81753,5,HGLibA_23688;HGLibB_23654;HGLibA_23687;HGLibB_23656;HGLibB_23655;,1.5239;2.0865;1.2027;0.4324;0.1899;,9798
hsa-mir-4708,0.0036816,0.0072308,0.548391,398,1.0024,3,HGLibA_60934;HGLibA_60933;HGLibA_60932;,4.0796;1.2777;0.7272;,100616176
TACC1,0.0023027,0.0073257,0.548391,262,1.1482,5,HGLibB_48101;HGLibA_48160;HGLibA_48158;HGLibB_48099;HGLibA_48159;,1.0773;2.3965;2.0729;1.2192;0.025344;,6867
MAPKAP1,0.00234,0.0074014,0.548391,266,1.2683,6,HGLibB_28257;HGLibB_28256;HGLibA_28298;HGLibA_28297;HGLibA_28299;HGLibB_28258;,2.5485;1.9496;1.067;1.4695;0.042448;0.0096125;,79109
HOXC9,0.0023768,0.0074019,0.548391,270,0.94894,5,HGLibB_21950;HGLibB_21952;HGLibA_21980;HGLibA_21979;HGLibB_21951;,1.7665;0.86151;1.0364;1.7827;0.46617;,3225
DUOX1,0.0024005,0.0075005,0.548391,273,0.90146,5,HGLibB_14074;HGLibB_14076;HGLibA_14097;HGLibA_14096;HGLibB_14075;,1.242;1.0368;0.82549;0.97743;0.20781;,53905
MAP3K19,0.0024095,0.0075748,0.548391,274,0.70827,6,HGLibA_28178;HGLibA_28179;HGLibB_28137;HGLibB_28136;HGLibA_28177;HGLibB_28138;,1.236;0.90742;0.50912;0.30795;1.0855;0.04277;,80122
CYP4F12,0.0024324,0.0076136,0.548391,277,0.8934,5,HGLibA_12185;HGLibB_12170;HGLibB_12172;HGLibB_12171;HGLibA_12184;,1.1045;1.3486;0.89724;0.88956;0.24744;,66002
NOLC1,0.0024758,0.007652,0.548391,280,0.70148,4,HGLibA_32283;HGLibA_32282;HGLibA_32284;HGLibB_32241;,0.97626;1.0047;1.5278;0.4267;,9221
ITGA2,0.0024908,0.0076894,0.548391,282,0.78998,4,HGLibA_23723;HGLibA_23725;HGLibB_23691;HGLibB_23692;,1.9291;0.85985;0.97575;0.72011;,3673
CRCP,0.002502,0.0077314,0.548391,284,1.2515,5,HGLibB_11069;HGLibA_11082;HGLibB_11068;HGLibB_11070;HGLibA_11081;,3.0404;1.5451;0.95797;0.91857;1.946;,27297
MLYCD,0.002529,0.0077318,0.548391,286,0.99373,6,HGLibB_29407;HGLibA_29448;HGLibB_29406;HGLibA_29447;HGLibA_29446;HGLibB_29405;,1.0035;1.459;0.98398;1.7574;0.44147;0.24798;,23417
ARPC2,0.0025563,0.007788,0.548391,288,0.84839,6,HGLibB_03078;HGLibA_03079;HGLibA_03080;HGLibB_03077;HGLibA_03081;HGLibB_03079;,0.93436;0.92019;0.77658;0.50945;1.6698;0.45798;,10109
TGOLN2,0.0026114,0.0078601,0.548391,297,0.79454,5,HGLibB_49216;HGLibA_49274;HGLibB_49215;HGLibA_49273;HGLibA_49275;,1.0983;1.0399;0.54922;1.3444;0.30667;,10618
ZFHX3,0.0026316,0.0078605,0.548391,300,1.1718,6,HGLibB_55107;HGLibA_55174;HGLibA_55175;HGLibB_55106;HGLibA_55173;HGLibB_55108;,3.355;2.2398;1.9711;0.37247;0.36974;0.29914;,463
hsa-mir-760,0.0039633,0.0078938,0.54895,417,1.5674,3,HGLibA_63899;HGLibA_63901;HGLibA_63902;,1.8;1.3348;2.3293;,100126348
PLEKHG5,0.0027386,0.0081046,0.550345,307,0.71428,6,HGLibA_37116;HGLibB_37069;HGLibB_37068;HGLibA_37115;HGLibA_37117;HGLibB_37070;,0.96969;0.49012;0.31853;0.93844;1.0815;0.15327;,8718
DARS,0.0027706,0.0082178,0.550345,308,0.92849,5,HGLibA_12340;HGLibB_12326;HGLibB_12328;HGLibA_12341;HGLibA_12339;,1.2192;0.95377;1.3796;0.90321;0.3789;,1615
CCDC153,0.0027955,0.0082183,0.550345,312,1.055,4,HGLibA_07652;HGLibB_07646;HGLibA_07653;HGLibB_07645;,4.0477;1.1974;1.0112;1.0988;,283152
REV3L,0.0028783,0.0087056,0.563869,321,0.98477,6,HGLibA_40887;HGLibB_40836;HGLibB_40837;HGLibB_40835;HGLibA_40886;HGLibA_40888;,2.1935;1.3024;1.3077;0.63464;0.66714;0.16802;,5980
MMAA,0.0029165,0.0087061,0.563869,323,0.99598,5,HGLibA_29450;HGLibA_29451;HGLibB_29409;HGLibA_29449;HGLibB_29410;,1.4008;1.54;0.93809;1.0539;0.013549;,166785
PSG4,0.0029864,0.0089402,0.568129,330,0.86067,5,HGLibA_39046;HGLibA_39047;HGLibB_38996;HGLibB_38997;HGLibA_39045;,2.6705;1.9585;0.54722;1.1282;0.59316;,5672
PRSS2,0.0030636,0.009203,0.568129,339,0.86694,5,HGLibA_38908;HGLibA_38907;HGLibB_38858;HGLibB_38859;HGLibB_38860;,5.1836;2.3677;1.1405;0.59341;0.28347;,5645
DYRK1A,0.0030647,0.009203,0.568129,340,0.79895,4,HGLibB_14250;HGLibB_14248;HGLibA_14272;HGLibA_14271;,0.81098;1.0139;1.7192;0.78692;,1859
MYO1H,0.0030818,0.0092432,0.568129,344,0.70326,5,HGLibB_30799;HGLibA_30842;HGLibB_30798;HGLibA_30840;HGLibB_30800;,1.0367;0.92917;0.40711;1.1521;0.47735;,283446
PFDN2,0.0031479,0.0094412,0.571442,347,0.71149,6,HGLibA_36140;HGLibB_36094;HGLibB_36093;HGLibA_36142;HGLibA_36141;HGLibB_36095;,3.9152;1.2109;0.65463;0.76836;0.19785;0.37518;,5202
DMP1,0.0032366,0.0095864,0.571442,355,0.73012,5,HGLibB_13393;HGLibB_13391;HGLibA_13411;HGLibA_13410;HGLibB_13392;,1.6573;0.56059;0.9442;0.89965;0.075378;,1758
CHST10,0.0032416,0.0095868,0.571442,356,0.86343,6,HGLibB_09605;HGLibA_09614;HGLibB_09603;HGLibA_09613;HGLibA_09612;HGLibB_09604;,0.92898;0.79788;1.0767;4.0719;0.71943;0.22879;,9486
PPIAL4G,0.0033851,0.0098424,0.574148,367,1.4561,2,HGLibA_37914;HGLibA_37915;,1.4561;2.34;,644591
IARS,0.0032895,0.0099026,0.574148,359,0.94516,6,HGLibA_22472;HGLibB_22441;HGLibA_22474;HGLibA_22473;HGLibB_22443;HGLibB_22442;,2.1154;1.5285;0.89949;0.99082;0.23519;0.12108;,3376
SLC16A13,0.0032953,0.0099026,0.574148,360,0.88683,5,HGLibB_44377;HGLibA_44428;HGLibA_44429;HGLibA_44430;HGLibB_44375;,0.90188;2.0446;0.87178;1.5464;0.46831;,201232
OR1J1,0.0033002,0.009903,0.574148,361,0.79886,4,HGLibA_33673;HGLibA_33674;HGLibB_33630;HGLibB_33629;,1.5905;2.8426;1.8883;0.00727;,347168
SP9,0.0033143,0.0099409,0.574148,362,0.8791,6,HGLibB_46262;HGLibA_46318;HGLibB_46263;HGLibA_46319;HGLibB_46261;HGLibA_46317;,1.0411;0.71711;1.143;1.1177;0.2834;0.2223;,100131390
METTL14,0.0033729,0.010115,0.574148,365,1.0612,5,HGLibB_28918;HGLibB_28916;HGLibA_28958;HGLibA_28959;HGLibB_28917;,1.1869;1.2006;1.2756;0.93563;0.20634;,57721
TRAPPC11,0.0033788,0.010115,0.574148,366,0.79115,6,HGLibA_51303;HGLibB_51240;HGLibA_51302;HGLibB_51241;HGLibA_51304;HGLibB_51239;,3.234;2.9071;1.2248;0.098086;0.35749;0.050998;,60684
HNRNPA1,0.0034423,0.01028,0.574148,372,0.98538,6,HGLibB_21762;HGLibB_21763;HGLibA_21793;HGLibA_21791;HGLibA_21792;HGLibB_21764;,1.9428;1.042;0.95337;0.77514;1.0174;0.053895;,3178
TMPRSS4,0.0034475,0.01028,0.574148,373,0.76664,5,HGLibA_50643;HGLibB_50583;HGLibA_50642;HGLibB_50582;HGLibB_50581;,0.99764;0.8715;1.2278;0.66178;0.34841;,56649
NUB1,0.0034888,0.010405,0.574148,377,1.088,4,HGLibB_32854;HGLibB_32855;HGLibA_32897;HGLibB_32853;,1.6046;1.1722;2.3449;1.0038;,51667
ASPDH,0.0035227,0.010458,0.574148,380,1.158,4,HGLibB_03343;HGLibA_03343;HGLibA_03344;HGLibB_03342;,2.9792;1.0564;1.9426;1.2596;,554235
LOC158434,0.003537,0.010458,0.574148,382,-0.7702,2,HGLibB_26861;HGLibA_26900;,3.1333;0.4496;,158434
NDN,0.0035491,0.010458,0.574148,384,0.73442,5,HGLibA_31398;HGLibA_31399;HGLibA_31397;HGLibB_31356;HGLibB_31357;,1.3333;1.0283;1.0427;0.44055;0.11499;,4692
CYB5D1,0.0035559,0.010458,0.574148,385,0.88026,5,HGLibA_11996;HGLibB_11983;HGLibB_11982;HGLibA_11994;HGLibB_11984;,1.7914;0.94954;0.84748;0.91303;0.51478;,124637
RHNO1,0.0035789,0.010545,0.574148,388,0.78539,5,HGLibA_41161;HGLibA_41160;HGLibA_41159;HGLibB_41108;HGLibB_41109;,1.5953;1.3398;1.3476;0.23098;0.079079;,83695
AVP,0.0035804,0.010546,0.574148,389,1.0806,5,HGLibA_03897;HGLibA_03898;HGLibB_03894;HGLibA_03896;HGLibB_03896;,1.8291;0.97421;1.187;1.2046;0.39361;,114548
RBM19,0.0036022,0.010663,0.574148,391,0.80445,5,HGLibA_40503;HGLibA_40504;HGLibB_40453;HGLibB_40451;HGLibB_40452;,0.79593;1.0253;1.4611;0.51424;0.81297;,9904
HOXA9,0.0036058,0.010663,0.574148,392,0.73085,4,HGLibA_21923;HGLibB_21893;HGLibB_21894;HGLibB_21895;,2.332;0.91617;1.251;0.54554;,3205
LRRCC1,0.0037176,0.010744,0.574148,401,0.73015,5,HGLibA_27443;HGLibB_27403;HGLibB_27402;HGLibA_27442;HGLibB_27404;,0.83759;0.81711;0.64319;1.2516;0.11634;,85444
PTPN3,0.0037186,0.010744,0.574148,402,0.81538,5,HGLibB_39416;HGLibA_39466;HGLibA_39465;HGLibB_39417;HGLibA_39467;,0.87199;1.0219;1.1994;0.58011;0.75877;,5774
RIF1,0.0038729,0.011414,0.595333,411,0.83432,6,HGLibA_41244;HGLibB_41192;HGLibA_41243;HGLibB_41191;HGLibB_41193;HGLibA_41245;,2.5944;1.2192;1.0364;0.63223;0.25626;0.4648;,55183
CT45A5,0.0044025,0.011524,0.598119,447,0.87066,2,HGLibA_11509;HGLibA_11510;,1.9725;0.87066;,441521
PSMG4,0.0039297,0.011587,0.598119,415,0.92377,6,HGLibB_39164;HGLibA_39213;HGLibA_39215;HGLibB_39165;HGLibB_39166;HGLibA_39214;,1.9527;1.6892;1.4043;0.44321;0.15769;0.06366;,389362
MC5R,0.0039378,0.011644,0.598119,416,0.75476,4,HGLibA_28553;HGLibB_28511;HGLibA_28554;HGLibA_28552;,3.4297;0.62914;0.88038;1.5504;,4161
TAF1,0.0040368,0.011751,0.598119,422,0.83429,6,HGLibB_48137;HGLibB_48136;HGLibA_48196;HGLibA_48195;HGLibA_48194;HGLibB_48135;,0.86449;0.8041;1.12;0.42226;1.6452;0.025471;,6872
HRASLS5,0.0041095,0.011863,0.598119,428,0.94005,5,HGLibB_22052;HGLibA_22081;HGLibA_22082;HGLibB_22053;HGLibB_22054;,1.4169;2.3304;1.4448;0.46322;0.28902;,117245
DEFB107B,0.011946,0.011891,0.598119,992,1.04,1,HGLibA_12841;,1.04;,503614
hsa-mir-6083,0.0041625,0.012023,0.598119,430,0.91331,3,HGLibA_62591;HGLibA_62592;HGLibA_62594;,2.1175;1.0944;0.7322;,102464832
hsa-mir-635,0.0043119,0.012138,0.598119,444,0.99322,3,HGLibA_62780;HGLibA_62778;HGLibA_62779;,1.2552;1.6397;0.73128;,693220
PRM1,0.0041829,0.012359,0.598119,431,1.3723,5,HGLibA_38608;HGLibB_38559;HGLibB_38560;HGLibA_38609;HGLibA_38607;,2.1331;1.1601;1.9345;0.42962;1.5846;,5619
ELP3,0.0042245,0.01236,0.598119,436,0.79695,5,HGLibA_14981;HGLibB_14960;HGLibA_14980;HGLibB_14959;HGLibB_14958;,1.427;1.1983;0.43725;0.52624;1.0676;,55140
MYRIP,0.0042858,0.012411,0.598119,441,0.71688,5,HGLibA_30918;HGLibB_30876;HGLibA_30920;HGLibB_30877;HGLibA_30919;,3.4455;0.80883;1.8167;0.62493;0.35322;,25924
SCYL1,0.0042901,0.012411,0.598119,442,0.82964,4,HGLibB_43031;HGLibB_43032;HGLibA_43086;HGLibB_43033;,1.324;1.1196;1.2288;0.53967;,57410
MADD,0.0042966,0.012411,0.598119,443,0.8038,5,HGLibA_27857;HGLibA_27858;HGLibB_27817;HGLibB_27816;HGLibA_27856;,0.97965;1.4146;0.8808;0.7268;0.62385;,8567
UTY,0.0044069,0.012517,0.598119,448,0.83931,4,HGLibA_53470;HGLibB_53404;HGLibB_53403;HGLibA_53469;,1.5569;1.5076;1.3302;0.34843;,7404
PSMA3,0.0044386,0.012624,0.598119,452,0.94593,4,HGLibB_39026;HGLibB_39028;HGLibB_39027;HGLibA_39076;,1.1204;0.77146;1.4677;1.622;,5684
C6orf99,0.0045868,0.012734,0.598119,459,0.72612,5,HGLibB_06510;HGLibB_06512;HGLibA_06514;HGLibA_06515;HGLibA_06516;,1.0446;1.0499;1.2604;0.40765;0.17227;,100130967
SFXN3,0.0045882,0.012734,0.598119,460,1.2181,5,HGLibB_43734;HGLibA_43787;HGLibA_43788;HGLibB_43733;HGLibB_43735;,2.4498;1.5447;3.894;0.89146;0.13465;,81855
DIAPH2,0.0046399,0.01285,0.598119,466,1.0865,5,HGLibA_13219;HGLibB_13201;HGLibB_13203;HGLibA_13221;HGLibB_13202;,1.3397;1.1264;1.0467;1.1678;0.33918;,1730
RHOBTB3,0.0046779,0.012851,0.598119,468,0.97467,4,HGLibB_41128;HGLibB_41126;HGLibA_41179;HGLibA_41177;,1.4289;1.0277;1.5206;0.92166;,22836
hsa-mir-7978,0.016133,0.012874,0.598119,1280,2.1871,1,HGLibA_64040;,2.1871;,102465859
KRTAP10-11,0.0047388,0.013366,0.607,472,0.95671,5,HGLibB_25561;HGLibB_25560;HGLibA_25598;HGLibA_25597;HGLibA_25596;,3.2101;0.90504;1.8783;1.0084;0.3612;,386678
RANGAP1,0.0047968,0.013422,0.607,475,0.97324,4,HGLibB_40163;HGLibB_40165;HGLibA_40214;HGLibA_40216;,1.0779;1.3623;0.86859;2.6974;,5905
ABHD6,0.0048177,0.013698,0.607,477,1.1346,6,HGLibA_00284;HGLibB_00285;HGLibB_00283;HGLibA_00283;HGLibA_00285;HGLibB_00284;,2.2871;1.6288;0.8346;1.4345;0.48586;0.20125;,57406
TCF7L1,0.0048325,0.013698,0.607,479,0.80855,5,HGLibB_48734;HGLibA_48794;HGLibB_48735;HGLibA_48793;HGLibA_48795;,1.1885;2.6191;0.72243;0.89468;0.2063;,83439
PPWD1,0.0048664,0.013767,0.607,483,1.0517,5,HGLibB_38193;HGLibA_38242;HGLibA_38243;HGLibA_38241;HGLibB_38194;,2.1205;1.1224;1.2482;0.60567;0.98098;,23398
GSTA4,0.0048692,0.013767,0.607,484,0.71669,5,HGLibB_20432;HGLibA_20460;HGLibB_20433;HGLibA_20461;HGLibA_20459;,0.77185;1.358;0.66152;1.0837;0.34981;,2941
PHF16,0.0048713,0.013767,0.607,485,0.71268,4,HGLibB_36303;HGLibB_36305;HGLibA_36350;HGLibA_36352;,1.2753;2.043;0.94249;0.48288;,9767
OR5AC2,0.0049389,0.013819,0.607,492,-0.71755,2,HGLibA_34236;HGLibB_34191;,2.7346;0.46785;,81050
hsa-mir-1972-2,0.017674,0.013869,0.607,1383,1.48,1,HGLibA_58114;,1.48;,100422922
ZNF559,0.0049522,0.013877,0.607,495,0.99572,6,HGLibA_56237;HGLibA_56236;HGLibB_56168;HGLibA_56235;HGLibB_56170;HGLibB_56169;,0.8359;2.1949;1.1555;1.5499;0.2818;0.042228;,84527
C14orf180,0.0049868,0.013878,0.607,497,0.81574,4,HGLibA_05347;HGLibA_05349;HGLibA_05348;HGLibB_05345;,3.0289;2.4084;1.4539;0.17762;,400258
TOPBP1,0.0050122,0.013988,0.607,498,0.8001,5,HGLibA_51010;HGLibB_50947;HGLibB_50945;HGLibB_50946;HGLibA_51009;,1.6827;1.189;1.349;0.41121;0.17328;,11073
FANCI,0.0050989,0.014047,0.607126,502,0.8953,5,HGLibA_16853;HGLibB_16832;HGLibB_16831;HGLibA_16855;HGLibA_16854;,1.2637;1.5419;0.52694;1.7868;0.11094;,55215
USH1C,0.0051936,0.014281,0.609973,508,0.81095,4,HGLibA_53174;HGLibB_53108;HGLibA_53173;HGLibA_53172;,0.72901;0.89289;1.6737;0.9823;,10083
hsa-mir-376c,0.0060548,0.014382,0.613054,567,1.445,2,HGLibA_59416;HGLibA_59418;,3.9819;1.445;,Ê442913
LRFN1,0.0052221,0.014643,0.618898,510,0.91316,6,HGLibB_27112;HGLibA_27151;HGLibA_27152;HGLibB_27111;HGLibB_27113;HGLibA_27153;,1.8226;1.4925;1.1166;0.70968;0.43802;0.21162;,57622
MYOM1,0.0052514,0.014722,0.618898,514,0.7171,6,HGLibB_30848;HGLibA_30889;HGLibA_30888;HGLibA_30890;HGLibB_30846;HGLibB_30847;,1.516;1.1529;0.78177;0.65243;0.17293;0.12829;,8736
SPATA5L1,0.0052815,0.014832,0.618898,516,0.8354,5,HGLibA_46519;HGLibB_46462;HGLibB_46463;HGLibA_46518;HGLibA_46520;,1.4822;1.3877;0.8878;0.78301;0.59359;,79029
EPM2A,0.0052906,0.014832,0.618898,518,0.81203,4,HGLibA_15335;HGLibB_15312;HGLibA_15336;HGLibB_15314;,1.3296;1.1801;1.4943;0.44395;,7957
RWDD1,0.0053625,0.014833,0.618898,524,1.1216,5,HGLibB_42427;HGLibB_42425;HGLibB_42426;HGLibA_42480;HGLibA_42479;,1.5021;1.2476;1.5194;0.99551;0.12818;,51389
RBKS,0.0055188,0.015223,0.622749,529,0.78538,6,HGLibB_40412;HGLibA_40463;HGLibA_40464;HGLibB_40414;HGLibA_40465;HGLibB_40413;,3.2267;0.98207;0.45609;1.0424;0.5887;0.086739;,64080
TARSL2,0.0055957,0.01535,0.622749,532,0.78974,6,HGLibB_48292;HGLibA_48350;HGLibB_48291;HGLibA_48351;HGLibA_48352;HGLibB_48293;,1.9489;1.1685;0.53662;1.0429;0.52515;0.14463;,123283
TPTE2,0.0056729,0.015556,0.622749,535,0.79231,5,HGLibB_51152;HGLibA_51215;HGLibA_51217;HGLibB_51154;HGLibB_51153;,1.0359;0.77907;0.96819;0.80555;0.12742;,93492
KLHL9,0.005788,0.015557,0.622749,548,0.77063,4,HGLibB_25193;HGLibA_25228;HGLibB_25192;HGLibA_25229;,1.1046;0.91512;0.82414;0.71711;,55958
POLR3H,0.0058537,0.015821,0.629876,552,0.80949,5,HGLibB_37583;HGLibB_37585;HGLibA_37632;HGLibA_37634;HGLibA_37633;,3.7541;1.1721;0.95149;0.66749;0.2742;,171568
PLXNA4,0.0058768,0.015822,0.629876,553,0.7848,5,HGLibA_37268;HGLibA_37266;HGLibA_37267;HGLibB_37219;HGLibB_37218;,0.8062;1.1156;0.70646;1.1091;0.76341;,91584
hsa-mir-197,0.0045959,0.016098,0.632635,461,1.9243,3,HGLibA_58104;HGLibA_58106;HGLibA_58103;,2.1855;3.8756;1.6631;,406974
hsa-mir-3614,0.0045978,0.016098,0.632635,462,0.79303,4,HGLibA_59084;HGLibA_59087;HGLibA_59086;HGLibA_59085;,3.9658;1.0723;0.51373;0.2418;,100500827
hsa-mir-6873,0.0047697,0.016228,0.632635,473,1.3053,4,HGLibA_63675;HGLibA_63678;HGLibA_63676;HGLibA_63677;,0.67229;4.2328;1.9383;0.18633;,102466754
PCDHA13,0.0082482,0.016285,0.632635,726,1.1778,2,HGLibA_35437;HGLibB_35388;,2.1299;0.22562;,56136
PAXBP1,0.0060238,0.016415,0.632635,564,1.123,5,HGLibA_35321;HGLibA_35322;HGLibA_35323;HGLibB_35274;HGLibB_35276;,1.6705;2.0755;2.096;0.19699;0.5756;,94104
RABL2A,0.0060399,0.016416,0.632635,566,0.84915,5,HGLibB_39977;HGLibB_39975;HGLibA_40027;HGLibA_40026;HGLibA_40028;,0.94799;1.3665;0.7953;0.903;0.067966;,11159
hsa-mir-100,0.0052463,0.017292,0.662885,512,0.89504,4,HGLibA_57148;HGLibA_57150;HGLibA_57151;HGLibA_57149;,3.2516;1.6859;0.10421;0.025369;,406892
hsa-mir-4273,0.0052491,0.017292,0.662885,513,0.98251,3,HGLibA_59795;HGLibA_59797;HGLibA_59796;,1.027;0.99312;0.97191;,100422955
CNTNAP3B,0.0053116,0.017366,0.663375,519,1.0786,4,HGLibA_10429;HGLibA_10427;HGLibB_10418;HGLibA_10428;,1.3612;4.2186;0.79592;0.3382;,728577
hsa-mir-548as,0.005346,0.017366,0.663375,522,1.1182,4,HGLibA_61921;HGLibA_61919;HGLibA_61922;HGLibA_61920;,1.2666;1.3728;0.96976;0.19055;,100847092
hsa-mir-34b,0.0054859,0.017598,0.671031,527,1.3272,4,HGLibA_59039;HGLibA_59038;HGLibA_59041;HGLibA_59040;,2.2164;1.654;0.88223;1.0005;,407041
hsa-mir-4771-2,0.023594,0.017877,0.680502,1750,0.90598,1,HGLibA_61183;,0.90598;,100616165
hsa-mir-5586,0.0059113,0.01852,0.700081,556,1.2014,4,HGLibA_62187;HGLibA_62185;HGLibA_62184;HGLibA_62186;,1.3138;1.089;2.9047;0.14924;,100847088
hsa-mir-3188,0.0062109,0.018935,0.714481,575,1.3711,4,HGLibA_58849;HGLibA_58851;HGLibA_58850;HGLibA_58848;,2.0052;1.4982;1.244;0.02089;,100422833
DEFB104B,0.029657,0.019872,0.747233,2117,0.96486,1,HGLibB_12809;,0.96486;,503618
hsa-mir-5089,0.0066764,0.02006,0.753015,605,0.86059,3,HGLibA_61502;HGLibA_61501;HGLibA_61504;,0.88276;1.2422;0.83842;,100847067
hsa-mir-3115,0.0067574,0.020146,0.754946,612,1.0422,3,HGLibA_58499;HGLibA_58501;HGLibA_58498;,0.85262;1.2318;1.5818;,100422866
hsa-mir-4499,0.0068183,0.020222,0.756478,619,1.4372,4,HGLibA_60411;HGLibA_60413;HGLibA_60412;HGLibA_60414;,2.0898;1.7596;0.71002;1.1147;,
hsa-mir-324,0.0069246,0.020394,0.761601,627,0.84898,4,HGLibA_58965;HGLibA_58963;HGLibA_58962;HGLibA_58964;,1.0266;0.95715;0.74081;0.53214;,442898
hsa-mir-4457,0.0070713,0.020792,0.775127,635,0.97846,4,HGLibA_60235;HGLibA_60236;HGLibA_60233;HGLibA_60234;,1.5602;1.1074;0.43115;0.84957;,
AMPH,0.0061603,0.022004,0.806517,572,0.85041,5,HGLibB_01829;HGLibB_01830;HGLibB_01831;HGLibA_01833;HGLibA_01831;,0.78423;1.2207;1.4076;0.9166;0.53456;,273
DUS2L,0.0081457,0.02213,0.806517,718,0.8421,2,HGLibA_14118;HGLibA_14119;,1.0601;0.8421;,54920
MAGED2,0.0064485,0.022423,0.808152,588,0.81803,5,HGLibA_27972;HGLibB_27931;HGLibA_27970;HGLibA_27971;HGLibB_27930;,1.3902;0.73263;1.4774;0.90343;0.34361;,10916
PTCD1,0.0090634,0.023465,0.810524,791,1.1026,3,HGLibA_39258;HGLibB_39210;HGLibA_39259;,1.1026;1.0591;1.3273;,26024
hsa-mir-1296,0.0085946,0.023768,0.810524,749,0.73842,4,HGLibA_57665;HGLibA_57664;HGLibA_57663;HGLibA_57666;,2.9074;0.45958;1.0173;0.037376;,100302150
hsa-mir-564,0.008632,0.023769,0.810524,752,0.99616,3,HGLibA_62218;HGLibA_62219;HGLibA_62221;,1.3002;1.0282;0.96411;,693149
SYNJ2BP-COX16,0.033208,0.024007,0.810524,2341,0.82904,1,HGLibB_47954;,0.82904;,100529257
CAPN8,0.0058055,0.024126,0.810524,550,0.71045,4,HGLibB_07173;HGLibB_07172;HGLibA_07179;HGLibA_07177;,0.83223;0.71045;1.5308;0.23671;,388743
hsa-mir-3133,0.0094151,0.024181,0.810524,817,0.83573,3,HGLibA_58586;HGLibA_58587;HGLibA_58588;,0.72108;1.1855;0.83573;,
CHRNA7,0.0096479,0.025313,0.810524,835,0.93809,4,HGLibA_09584;HGLibB_09575;HGLibA_09583;HGLibA_09582;,0.5258;1.3504;0.52399;1.5503;,1139
hsa-mir-1181,0.0097718,0.025505,0.810524,846,1.1993,4,HGLibA_57218;HGLibA_57216;HGLibA_57217;HGLibA_57219;,2.3347;1.1598;1.2387;0.045714;,100302213
LOC284385,0.010799,0.02625,0.810524,919,0.88838,2,HGLibA_26915;HGLibB_26875;,1.0366;0.88838;,
OSM,0.0066084,0.028015,0.810524,598,0.77063,5,HGLibB_34648;HGLibB_34647;HGLibA_34693;HGLibA_34692;HGLibA_34694;,1.6252;1.0701;1.0605;0.48077;0.091594;,5008
MAGEB10,0.0066555,0.028205,0.810524,600,0.7277,5,HGLibA_27931;HGLibB_27892;HGLibA_27932;HGLibA_27933;HGLibB_27891;,2.4637;0.80768;0.64938;0.80603;0.13712;,139422
APITD1-CORT,0.016393,0.028263,0.810524,1303,0.9913,2,HGLibA_02427;HGLibB_02425;,1.4809;0.50167;,100526739
WDR43,0.0067205,0.028329,0.810524,610,0.88008,4,HGLibB_54025;HGLibB_54026;HGLibA_54090;HGLibA_54092;,1.6956;0.80696;0.9532;1.4338;,23160
RND3,0.0067389,0.028329,0.810524,611,0.95955,5,HGLibB_41400;HGLibA_41450;HGLibB_41398;HGLibA_41451;HGLibA_41452;,2.3274;0.9442;1.8849;0.97489;0.16239;,390
FNDC3B,0.0067965,0.028446,0.810524,615,0.88797,6,HGLibA_17751;HGLibA_17749;HGLibA_17750;HGLibB_17726;HGLibB_17727;HGLibB_17728;,1.9831;1.0263;0.74964;1.1498;0.24132;0.097403;,64778
TOR1AIP1,0.0068176,0.028446,0.810524,618,0.90302,6,HGLibB_50954;HGLibB_50955;HGLibA_51017;HGLibA_51019;HGLibB_50956;HGLibA_51018;,0.46615;1.3399;1.5219;1.6033;0.23222;0.32186;,26092
MORN4,0.006881,0.028446,0.810524,622,0.70209,5,HGLibB_29635;HGLibA_29675;HGLibB_29633;HGLibA_29674;HGLibA_29676;,0.94747;1.2084;1.4893;0.45671;0.064539;,118812
KCTD21,0.006998,0.028607,0.810524,631,0.72941,4,HGLibA_24450;HGLibB_24416;HGLibB_24417;HGLibA_24449;,2.0202;1.255;0.66408;0.79475;,283219
LOC100131094,0.0071263,0.028973,0.810524,639,0.78062,6,HGLibA_26802;HGLibB_26763;HGLibB_26762;HGLibA_26801;HGLibB_26761;HGLibA_26800;,0.97109;0.89638;0.66487;0.91475;0.23299;0.12587;,
PLSCR1,0.0071616,0.028974,0.810524,642,0.73563,5,HGLibA_37230;HGLibA_37231;HGLibB_37182;HGLibB_37181;HGLibA_37232;,1.0126;1.1195;0.37616;0.62449;0.84676;,5359
TBL3,0.0071741,0.028974,0.810524,643,0.85281,4,HGLibB_48561;HGLibB_48562;HGLibA_48621;HGLibA_48620;,0.9961;0.74541;1.5643;0.9602;,10607
TMBIM1,0.007208,0.029243,0.810524,649,0.85042,5,HGLibB_49679;HGLibB_49678;HGLibA_49738;HGLibB_49680;HGLibA_49739;,1.6568;0.88176;0.9009;0.46848;0.81907;,64114
ABCB5,0.0072101,0.029243,0.810524,650,0.73826,5,HGLibB_00142;HGLibB_00144;HGLibA_00144;HGLibA_00142;HGLibB_00143;,0.73732;2.1036;0.75735;0.73919;0.23815;,340273
OXR1,0.0072422,0.029244,0.810524,653,0.72051,5,HGLibB_34785;HGLibB_34784;HGLibA_34831;HGLibB_34786;HGLibA_34832;,0.96598;0.75992;0.88235;0.54123;0.68111;,3061
USP9Y,0.0072536,0.029244,0.810524,655,0.85226,5,HGLibB_53354;HGLibA_53420;HGLibA_53418;HGLibB_53353;HGLibB_53352;,1.038;1.0245;1.5389;0.52391;0.67999;,8287
hsa-mir-942,0.010055,0.0295,0.810524,871,0.95713,3,HGLibA_64353;HGLibA_64356;HGLibA_64354;,1.5288;1.8476;0.38549;,100126331
NME1,0.010519,0.030248,0.810524,898,0.70932,3,HGLibB_32107;HGLibA_32152;HGLibA_32150;,1.1187;0.73544;0.68319;,4830
LECT2,0.0076127,0.030269,0.810524,683,0.72384,4,HGLibA_26267;HGLibB_26232;HGLibA_26269;HGLibB_26230;,3.5185;0.80172;1.1918;0.64596;,3950
IPO7,0.0077004,0.030269,0.810524,687,0.77244,5,HGLibB_23438;HGLibB_23440;HGLibA_23471;HGLibB_23439;HGLibA_23473;,0.9298;0.96402;0.90524;0.63964;0.34392;,10527
MEPE,0.007756,0.030269,0.810524,690,0.70763,5,HGLibA_28903;HGLibA_28905;HGLibB_28862;HGLibA_28904;HGLibB_28864;,2.1461;0.71562;0.66955;1.2199;0.69964;,56955
PAX3,0.0077986,0.030269,0.810524,693,0.88012,5,HGLibA_35300;HGLibB_35255;HGLibB_35254;HGLibA_35301;HGLibA_35302;,1.7471;1.0986;1.1622;0.66165;0.29147;,5077
DVL2,0.0078652,0.030597,0.810524,697,0.79443,4,HGLibB_14190;HGLibA_14211;HGLibB_14188;HGLibA_14210;,1.1171;1.0332;1.6937;0.55561;,1856
STRADA,0.0079394,0.030684,0.810524,702,0.73404,5,HGLibA_47574;HGLibB_47515;HGLibA_47572;HGLibA_47573;HGLibB_47516;,1.9453;2.2135;0.97549;0.49258;0.40337;,92335
ZCCHC2,0.0079597,0.030771,0.810524,703,0.72338,5,HGLibA_55027;HGLibB_54959;HGLibB_54960;HGLibB_54961;HGLibA_55028;,2.2375;1.0686;0.79052;0.65625;0.31382;,54877
CENPE,0.007978,0.030771,0.810524,704,1.1834,5,HGLibB_09043;HGLibA_09051;HGLibB_09044;HGLibB_09045;HGLibA_09052;,2.0517;3.6631;1.0225;1.3443;0.064726;,1062
WDR81,0.0079874,0.030856,0.810524,705,1.061,5,HGLibA_54186;HGLibB_54121;HGLibA_54188;HGLibB_54122;HGLibA_54187;,2.7526;1.2184;0.90349;1.6792;0.28999;,124997
KCNC1,0.0080053,0.031093,0.810524,707,0.80615,6,HGLibB_24128;HGLibA_24161;HGLibA_24163;HGLibB_24127;HGLibB_24129;HGLibA_24162;,1.2129;0.94797;0.85244;0.75986;0.26566;0.19031;,3746
GDAP2,0.0081079,0.031431,0.810524,715,0.73288,5,HGLibA_18845;HGLibA_18846;HGLibA_18844;HGLibB_18819;HGLibB_18821;,0.95402;1.0918;1.9815;0.51175;0.46031;,54834
FANCF,0.008187,0.031432,0.810524,720,0.79427,4,HGLibA_16848;HGLibB_16824;HGLibB_16826;HGLibA_16847;,1.3736;1.0856;1.4507;0.50296;,2188
OR4D11,0.0082332,0.031685,0.810524,723,0.70594,5,HGLibB_33927;HGLibA_33972;HGLibB_33926;HGLibA_33970;HGLibB_33925;,0.70865;0.70323;1.7136;1.3173;0.38695;,219986
RPL12,0.0083486,0.031879,0.810524,733,0.90247,5,HGLibB_41813;HGLibB_41811;HGLibB_41812;HGLibA_41865;HGLibA_41864;,1.1186;1.4026;0.63528;1.8347;0.68633;,6136
PTGER3,0.0083623,0.031879,0.810524,734,0.82302,5,HGLibA_39319;HGLibB_39271;HGLibB_39269;HGLibA_39320;HGLibA_39318;,1.577;1.045;0.81677;0.82927;0.37353;,5733
ZFP91,0.0084589,0.03197,0.810524,743,0.78769,5,HGLibA_55243;HGLibB_55177;HGLibA_55242;HGLibB_55175;HGLibB_55176;,1.5245;0.62217;0.97328;0.9532;0.27699;,80829
hsa-mir-4719,0.040803,0.032106,0.810524,2775,1.193,1,HGLibA_60975;,1.193;,
hsa-mir-516a-2,0.041272,0.032106,0.810524,2794,1.225,1,HGLibA_61611;,1.225;,
RPUSD1,0.0085351,0.032214,0.810524,744,0.90582,5,HGLibB_42154;HGLibA_42207;HGLibB_42153;HGLibB_42152;HGLibA_42206;,2.3825;1.8571;0.81892;0.99271;0.56496;,113000
HSPD1,0.0085517,0.032214,0.810524,746,0.77394,6,HGLibB_22302;HGLibA_22332;HGLibA_22330;HGLibA_22331;HGLibB_22303;HGLibB_22301;,1.7448;1.0504;0.57914;0.40873;0.96873;0.1999;,3329
TNMD,0.008591,0.032215,0.810524,748,0.81228,4,HGLibB_50797;HGLibA_50859;HGLibA_50860;HGLibA_50858;,0.83803;1.3294;0.8032;0.82136;,64102
ARHGAP31,0.0086336,0.032215,0.810524,753,0.81141,5,HGLibA_02756;HGLibB_02755;HGLibA_02755;HGLibB_02754;HGLibA_02757;,1.4052;0.9887;1.3115;0.39347;0.63413;,57514
OTUD7B,0.0087517,0.032661,0.810524,764,1.0151,5,HGLibB_34733;HGLibA_34779;HGLibB_34735;HGLibA_34780;HGLibB_34734;,1.1252;3.3607;0.37755;0.98232;1.048;,56957
TMEM253,0.0087538,0.032661,0.810524,765,0.83022,5,HGLibB_50264;HGLibA_50324;HGLibA_50325;HGLibB_50265;HGLibA_50323;,0.90043;1.265;0.76001;1.016;0.12348;,643382
H1F0,0.0087733,0.032661,0.810524,767,0.72809,5,HGLibA_20733;HGLibA_20734;HGLibA_20732;HGLibB_20705;HGLibB_20704;,1.3272;1.737;0.82705;0.57078;0.62913;,3005
LOC339862,0.0087809,0.032768,0.810524,768,0.798,5,HGLibB_26881;HGLibA_26921;HGLibA_26922;HGLibB_26882;HGLibA_26920;,1.032;1.2048;0.9491;0.6469;0.078074;,
POLR1E,0.0088192,0.032768,0.810524,771,0.79623,4,HGLibA_37561;HGLibA_37560;HGLibA_37562;HGLibB_37512;,1.3179;1.593;1.7267;0.27451;,64425
FAM98B,0.0088892,0.03301,0.810524,777,0.83519,5,HGLibA_16811;HGLibA_16813;HGLibB_16790;HGLibA_16812;HGLibB_16789;,1.179;0.65537;1.015;1.0636;0.13123;,283742
H2AFZ,0.0090022,0.033119,0.810524,784,0.84218,6,HGLibA_20769;HGLibB_20740;HGLibA_20768;HGLibB_20742;HGLibA_20770;HGLibB_20741;,2.7463;2.4969;1.0103;0.67403;0.14296;0.10895;,3015
hsa-mir-548o-2,0.013443,0.033263,0.810524,1089,1.2902,3,HGLibA_62054;HGLibA_62051;HGLibA_62053;,1.5013;1.2902;0.0086484;,
OR14C36,0.0091091,0.033288,0.810524,795,0.78055,5,HGLibA_33633;HGLibB_33588;HGLibB_33586;HGLibA_33631;HGLibB_33587;,1.0942;0.65303;1.3376;0.90807;0.40457;,127066
LNPEP,0.0091927,0.033939,0.810524,800,0.88023,4,HGLibB_26704;HGLibA_26741;HGLibA_26742;HGLibB_26703;,1.4809;1.1893;1.0483;0.7122;,4012
hsa-mir-4255,0.010746,0.034033,0.810524,912,0.78487,3,HGLibA_59726;HGLibA_59728;HGLibA_59727;,1.2492;1.9582;0.32053;,
IRS4,0.009245,0.03404,0.810524,805,1.8528,6,HGLibA_23626;HGLibA_23624;HGLibB_23592;HGLibA_23625;HGLibB_23593;HGLibB_23591;,2.5494;2.3905;2.2962;1.4094;0.22475;0.023903;,8471
ZMYND8,0.00928,0.034041,0.810524,807,0.99601,5,HGLibB_55358;HGLibA_55426;HGLibA_55427;HGLibB_55359;HGLibB_55360;,1.1725;2.5139;0.81949;1.2547;0.1376;,23613
hsa-mir-1299,0.013822,0.034088,0.810524,1122,2.3314,3,HGLibA_57676;HGLibA_57674;HGLibA_57675;,4.4544;3.2564;1.4064;,100302167
C4orf47,0.0092975,0.034381,0.810524,809,0.7352,5,HGLibA_06339;HGLibA_06337;HGLibB_06333;HGLibB_06334;HGLibB_06335;,2.7694;1.5958;0.82281;0.64758;0.42642;,441054
CPQ,0.0094596,0.034832,0.810524,819,0.94333,5,HGLibB_10976;HGLibA_10988;HGLibB_10975;HGLibA_10989;HGLibA_10987;,1.2425;1.2588;1.2515;0.31186;0.64415;,10404
LRRK2,0.0094745,0.034832,0.810524,821,0.76865,5,HGLibA_27466;HGLibA_27467;HGLibA_27468;HGLibB_27427;HGLibB_27428;,1.2948;0.77047;0.90406;0.76684;0.1256;,120892
GPC2,0.0094889,0.034832,0.810524,824,0.75415,5,HGLibA_19765;HGLibA_19766;HGLibA_19764;HGLibB_19736;HGLibB_19737;,1.771;0.71083;0.86167;0.79746;0.32879;,221914
NKX6-1,0.0095088,0.034931,0.810524,825,0.86603,4,HGLibB_32013;HGLibA_32056;HGLibA_32054;HGLibA_32055;,1.1467;0.76794;0.96412;1.3988;,4825
LAPTM4A,0.0095094,0.034931,0.810524,826,0.76687,5,HGLibB_25978;HGLibA_26016;HGLibA_26015;HGLibB_25979;HGLibA_26017;,1.1484;1.6186;3.2027;0.38535;0.37096;,9741
ITGAD,0.0095439,0.034931,0.810524,828,0.83693,5,HGLibA_23750;HGLibB_23717;HGLibA_23751;HGLibB_23719;HGLibB_23718;,1.7172;0.86054;1.0516;0.42976;0.81333;,3681
MAGT1,0.0097889,0.035314,0.810524,849,0.89261,5,HGLibA_28013;HGLibA_28014;HGLibB_27972;HGLibB_27971;HGLibA_28012;,2.5897;0.81509;1.2552;0.97012;0.37613;,84061
ADAM28,0.0099083,0.035413,0.810524,861,0.78644,5,HGLibA_00763;HGLibA_00765;HGLibB_00761;HGLibB_00762;HGLibB_00763;,1.2622;0.80693;1.2244;0.76594;0.068326;,10863
C15orf38-AP3S2,0.021512,0.035741,0.810524,1635,0.71588,2,HGLibA_05391;HGLibA_05390;,0.63923;0.79253;,100526783
hsa-mir-548aq,0.021568,0.035742,0.810524,1640,1.7396,2,HGLibA_61915;HGLibA_61916;,0.75837;2.7209;,
PLA2G4D,0.010026,0.035943,0.810524,866,0.74098,6,HGLibB_36862;HGLibA_36909;HGLibB_36863;HGLibA_36908;HGLibA_36910;HGLibB_36861;,0.91482;0.9603;0.56713;2.1164;0.27551;0.09036;,283748
hsa-mir-3140,0.011822,0.036046,0.810524,984,0.751,3,HGLibA_58617;HGLibA_58619;HGLibA_58620;,1.8522;0.95515;0.54684;,
SPATA31A1,0.011855,0.036046,0.810524,988,0.99283,3,HGLibB_46413;HGLibA_46467;HGLibA_46468;,1.1948;1.2275;0.7909;,647060
COQ2,0.010132,0.036236,0.810524,874,1.2484,4,HGLibB_10739;HGLibB_10737;HGLibA_10750;HGLibA_10748;,2.003;1.8972;1.1945;1.3022;,27235
SRL,0.010137,0.036236,0.810524,875,0.90773,4,HGLibB_46933;HGLibA_46992;HGLibA_46991;HGLibA_46990;,1.7554;2.1067;0.92801;0.88746;,6345
hsa-mir-885,0.011955,0.036422,0.810524,994,1.6304,3,HGLibA_64224;HGLibA_64222;HGLibA_64221;,3.4981;3.1485;0.11228;,100126334
SENP6,0.010223,0.03647,0.810524,877,0.75386,5,HGLibA_43398;HGLibA_43396;HGLibB_43345;HGLibB_43343;HGLibA_43397;,1.14;1.1837;0.84743;0.66029;0.52387;,26054
RASSF4,0.010402,0.03647,0.810524,891,0.74635,4,HGLibB_40333;HGLibB_40332;HGLibB_40331;HGLibA_40383;,1.5267;0.82766;0.75692;0.73578;,54453
LNP1,0.010448,0.03647,0.810524,894,0.98547,5,HGLibB_26699;HGLibA_26737;HGLibB_26700;HGLibB_26701;HGLibA_26738;,1.4129;1.4879;0.55807;3.1809;0.33132;,80856
hsa-mir-548s,0.012257,0.036557,0.810524,1011,0.82772,3,HGLibA_62064;HGLibA_62061;HGLibA_62062;,0.48932;1.1661;2.1031;,
NDC1,0.010705,0.036579,0.810524,911,0.85391,5,HGLibA_31379;HGLibB_31338;HGLibA_31381;HGLibB_31339;HGLibA_31380;,1.9665;1.1535;1.4322;0.51449;0.55428;,55706
CCT6B,0.01075,0.03687,0.810524,914,0.90026,6,HGLibA_08210;HGLibA_08209;HGLibB_08204;HGLibB_08202;HGLibA_08211;HGLibB_08203;,1.4289;1.8851;1.122;0.41491;0.67849;0.16017;,10693
MACC1,0.010757,0.03687,0.810524,915,0.91125,4,HGLibA_27831;HGLibA_27829;HGLibB_27790;HGLibB_27788;,3.4233;0.71955;1.1973;1.103;,346389
hsa-mir-588,0.012567,0.036947,0.810524,1027,0.79692,3,HGLibA_62452;HGLibA_62449;HGLibA_62450;,1.3661;1.702;0.22771;,693173
C20orf202,0.010806,0.037067,0.810524,920,0.71193,5,HGLibB_06010;HGLibA_06013;HGLibB_06009;HGLibA_06014;HGLibB_06011;,2.3428;2.1117;0.50782;0.51597;0.90789;,400831
DGKE,0.010857,0.037067,0.810524,923,0.97596,6,HGLibB_13050;HGLibA_13067;HGLibB_13049;HGLibA_13066;HGLibA_13068;HGLibB_13048;,2.1061;1.4696;0.98043;0.42311;0.97149;0.12098;,8526
PSMG3,0.010871,0.037067,0.810524,924,0.80388,5,HGLibA_39210;HGLibA_39211;HGLibB_39161;HGLibB_39163;HGLibB_39162;,1.4051;1.291;1.132;0.47576;0.12743;,84262
RNPS1,0.010878,0.037067,0.810524,925,0.95474,5,HGLibB_41678;HGLibA_41729;HGLibB_41677;HGLibB_41679;HGLibA_41730;,2.8221;1.2658;0.70875;0.73636;1.1731;,10921
ARIH2OS,0.010978,0.037655,0.810524,932,1.0173,4,HGLibA_02919;HGLibB_02915;HGLibB_02916;HGLibB_02917;,1.6389;2.9758;1.0792;0.95534;,646450
TRIB1,0.010995,0.037778,0.810524,934,0.78021,5,HGLibA_51391;HGLibA_51390;HGLibB_51325;HGLibA_51389;HGLibB_51326;,0.72718;2.687;0.86423;0.83324;0.22554;,10221
DCAF8L1,0.011092,0.038101,0.810524,940,0.85838,4,HGLibB_12447;HGLibA_12461;HGLibB_12446;HGLibA_12460;,0.91543;1.567;1.2469;0.80133;,139425
SLC10A7,0.011095,0.038101,0.810524,941,0.91458,5,HGLibA_44347;HGLibB_44294;HGLibB_44296;HGLibA_44349;HGLibA_44348;,0.8717;1.5115;3.1272;0.95745;0.47821;,84068
ELP5,0.011288,0.038213,0.810524,950,0.90772,4,HGLibB_14965;HGLibA_14986;HGLibB_14966;HGLibB_14964;,2.1917;1.1412;0.76768;1.0478;,23587
KIAA1468,0.011288,0.038213,0.810524,951,0.80735,6,HGLibB_24734;HGLibB_24735;HGLibA_24768;HGLibA_24769;HGLibA_24770;HGLibB_24736;,1.8929;3.4989;0.81138;0.80333;0.44747;0.17698;,57614
ARL16,0.011291,0.038213,0.810524,952,1.0195,4,HGLibB_02945;HGLibA_02949;HGLibA_02948;HGLibA_02947;,1.3828;1.2187;1.8163;0.82029;,339231
L3MBTL4,0.011326,0.038213,0.810524,953,0.75733,5,HGLibB_25868;HGLibB_25867;HGLibA_25906;HGLibA_25905;HGLibB_25869;,1.0229;0.69202;0.85392;0.82264;0.10694;,91133
SLC23A1,0.011387,0.038214,0.810524,958,0.73087,4,HGLibB_44552;HGLibB_44554;HGLibA_44607;HGLibA_44605;,1.4527;1.3313;2.1399;0.13049;,9962
RCC1,0.011426,0.038214,0.810524,960,1.2356,6,HGLibB_40631;HGLibA_40683;HGLibB_40632;HGLibA_40684;HGLibA_40682;HGLibB_40633;,2.0318;1.467;1.0043;2.3473;0.26328;0.1037;,1104
TIPARP,0.011605,0.039024,0.810524,968,0.86846,6,HGLibB_49496;HGLibB_49497;HGLibA_49557;HGLibA_49556;HGLibA_49555;HGLibB_49495;,0.91993;1.1453;0.64007;0.9318;0.81699;0.050516;,25976
ZNF347,0.011686,0.039024,0.810524,972,0.70588,5,HGLibA_55853;HGLibA_55851;HGLibB_55784;HGLibB_55785;HGLibB_55786;,0.75598;1.2238;1.4556;0.65578;0.14526;,84671
ADSS,0.01173,0.039024,0.810524,977,1.0495,5,HGLibA_01076;HGLibA_01075;HGLibB_01074;HGLibB_01075;HGLibB_01073;,1.3698;2.0261;0.44745;1.2887;0.81035;,159
SKA3,0.011758,0.03915,0.810524,979,0.81227,5,HGLibA_44267;HGLibA_44268;HGLibB_44213;HGLibB_44215;HGLibA_44266;,3.3052;1.0925;0.90914;0.7154;0.58889;,221150
HIATL1,0.011815,0.03915,0.810524,983,0.96169,4,HGLibB_21250;HGLibB_21251;HGLibA_21278;HGLibA_21279;,1.4231;1.3183;2.0448;0.60506;,84641
AQP3,0.011944,0.039277,0.810524,991,0.8036,6,HGLibB_02591;HGLibA_02594;HGLibB_02592;HGLibA_02592;HGLibA_02593;HGLibB_02590;,0.89152;1.097;0.71568;1.041;0.22223;0.083751;,360
AFG3L2,0.011973,0.039465,0.810524,996,0.8707,4,HGLibB_01117;HGLibA_01117;HGLibA_01119;HGLibA_01118;,1.6261;0.91447;1.1698;0.82693;,10939
CCDC13,0.011995,0.039465,0.810524,997,0.71528,4,HGLibA_07590;HGLibB_07583;HGLibB_07582;HGLibB_07584;,1.4682;2.287;0.98284;0.44773;,152206
hsa-mir-3192,0.013473,0.039495,0.810524,1091,1.211,3,HGLibA_58867;HGLibA_58866;HGLibA_58864;,1.7688;0.86301;1.559;,
ZCCHC7,0.012057,0.039592,0.810524,1001,0.97649,5,HGLibA_55044;HGLibB_54978;HGLibA_55045;HGLibA_55046;HGLibB_54977;,2.2491;2.1866;0.83584;1.1171;0.17768;,84186
MRPS9,0.013485,0.039622,0.810524,1092,0.81899,4,HGLibB_30072;HGLibA_30112;HGLibB_30071;HGLibA_30113;,0.92094;1.091;0.71703;0.0045246;,64965
hsa-mir-6512,0.013559,0.039764,0.810524,1102,1.1969,3,HGLibA_62920;HGLibA_62921;HGLibA_62922;,1.5983;1.3195;1.0742;,102465255
hsa-mir-548az,0.013608,0.039916,0.810524,1105,0.80246,3,HGLibA_61949;HGLibA_61946;HGLibA_61947;,1.3574;1.1233;0.48166;,102466162
FOXD4L4,0.048599,0.040131,0.810524,3084,1.2528,1,HGLibA_17850;,1.2528;,286380
CCDC152,0.012219,0.04018,0.810524,1009,0.83517,4,HGLibA_07648;HGLibB_07644;HGLibB_07642;HGLibB_07643;,0.8614;1.5804;0.82433;0.84601;,100129792
AP1M1,0.012385,0.040597,0.810524,1020,0.79452,5,HGLibA_02290;HGLibA_02289;HGLibB_02288;HGLibA_02291;HGLibB_02289;,0.97412;0.61493;1.6949;1.3814;0.41065;,8907
CYP2C9,0.013877,0.040654,0.810524,1128,0.74943,4,HGLibB_12110;HGLibA_12124;HGLibA_12123;HGLibA_12125;,1.0564;2.0431;0.37045;0.44246;,1559
hsa-mir-598,0.013937,0.040655,0.810524,1132,1.337,4,HGLibA_62485;HGLibA_62484;HGLibA_62486;HGLibA_62483;,1.566;1.8375;1.1081;0.15712;,693183
IL36RN,0.012478,0.040714,0.810524,1025,0.91815,5,HGLibB_23123;HGLibA_23155;HGLibB_23122;HGLibA_23153;HGLibA_23154;,2.0516;0.68124;2.699;1.1551;0.55855;,26525
hsa-mir-4441,0.01653,0.041031,0.810524,1314,1.3961,3,HGLibA_60165;HGLibA_60166;HGLibA_60167;,1.6545;1.3961;0.23653;,
hsa-mir-579,0.014149,0.041064,0.810524,1145,1.2522,4,HGLibA_62414;HGLibA_62416;HGLibA_62415;HGLibA_62413;,1.7487;1.7023;0.80204;0.27353;,693164
LRRC41,0.012606,0.041509,0.810524,1028,0.90244,5,HGLibB_27317;HGLibA_27357;HGLibB_27315;HGLibA_27356;HGLibA_27355;,0.77816;1.1606;1.0799;0.93808;0.8668;,10489
KLHL3,0.012631,0.041509,0.810524,1032,1.0255,5,HGLibB_25141;HGLibA_25176;HGLibB_25142;HGLibA_25177;HGLibA_25178;,1.153;0.96976;0.87023;2.3708;1.0813;,26249
TLN2,0.01265,0.041509,0.810524,1033,0.71929,5,HGLibA_49638;HGLibB_49576;HGLibB_49578;HGLibB_49577;HGLibA_49636;,1.1039;0.75158;0.83035;0.687;0.56623;,83660
GPRC6A,0.012675,0.041509,0.810524,1037,0.7238,5,HGLibB_20110;HGLibB_20109;HGLibA_20136;HGLibA_20137;HGLibA_20138;,0.88281;0.56479;2.8745;0.88281;0.19944;,222545
CBFB,0.012734,0.041639,0.810524,1042,0.78256,5,HGLibB_07386;HGLibB_07385;HGLibA_07392;HGLibA_07390;HGLibB_07384;,1.0718;3.4434;0.7727;0.79241;0.042845;,865
SPAG1,0.012778,0.04164,0.810524,1047,0.79213,5,HGLibA_46343;HGLibA_46342;HGLibB_46286;HGLibB_46285;HGLibA_46341;,1.2708;1.095;0.48925;0.36866;1.2513;,6674
GPATCH4,0.012968,0.041918,0.810524,1059,0.91615,5,HGLibB_19718;HGLibB_19719;HGLibB_19720;HGLibA_19747;HGLibA_19746;,1.4379;1.18;1.0243;0.80801;0.63524;,54865
PCF11,0.013178,0.042569,0.810524,1072,0.91696,5,HGLibB_35541;HGLibB_35542;HGLibA_35588;HGLibB_35543;HGLibA_35590;,0.7149;1.1232;1.119;0.51855;1.1353;,51585
RGPD4,0.012961,0.04301,0.810524,1058,0.9602,4,HGLibB_40984;HGLibA_41034;HGLibA_41033;HGLibB_40983;,1.7359;1.6611;0.9602;0.057345;,285190
LOC649330,0.053222,0.043168,0.810524,3275,0.96533,1,HGLibB_26941;,0.96533;,
ARMCX6,0.013441,0.043293,0.810524,1088,0.7282,5,HGLibB_03054;HGLibB_03053;HGLibA_03055;HGLibB_03055;HGLibA_03057;,0.73929;0.92353;1.6739;0.71711;0.36516;,54470
CRYGB,0.013498,0.043293,0.810524,1094,0.89048,5,HGLibA_11272;HGLibA_11273;HGLibA_11274;HGLibB_11261;HGLibB_11262;,1.5536;1.1721;0.60887;2.4046;0.13982;,1419
TNFRSF11A,0.013515,0.043293,0.810524,1096,-1.0503,1,HGLibA_50745;,3.0571;,8792
ANKRD30A,0.013524,0.043293,0.810524,1097,0.70384,4,HGLibA_02059;HGLibA_02061;HGLibB_02059;HGLibA_02060;,1.1554;1.3019;1.887;0.25231;,91074
RDH11,0.013663,0.043568,0.810524,1109,1.0663,5,HGLibA_40735;HGLibA_40733;HGLibA_40734;HGLibB_40683;HGLibB_40684;,2.0289;1.3037;0.82887;2.8658;0.052799;,51109
WDR74,0.013798,0.043568,0.810524,1119,0.93253,5,HGLibA_54171;HGLibB_54106;HGLibA_54172;HGLibB_54105;HGLibA_54173;,1.8402;1.0104;0.88257;0.98248;0.57231;,54663
DBNDD1,0.013821,0.043568,0.810524,1121,0.90119,4,HGLibB_12377;HGLibA_12392;HGLibA_12391;HGLibA_12390;,1.0274;0.91326;0.88913;2.1498;,79007
EIF6,0.013916,0.043906,0.810524,1131,1.0397,6,HGLibA_14866;HGLibA_14867;HGLibB_14844;HGLibA_14868;HGLibB_14846;HGLibB_14845;,3.845;1.3456;0.87877;1.2006;0.76749;0.11935;,3692
NDUFA4L2,0.014096,0.044044,0.810524,1140,0.77194,5,HGLibB_31419;HGLibB_31418;HGLibA_31460;HGLibB_31420;HGLibA_31462;,0.49681;1.0471;1.1922;0.26113;1.4988;,56901
hsa-mir-329-2,0.055642,0.044146,0.810524,3376,1.2837,1,HGLibA_58982;,1.2837;,
PWP2,0.014259,0.044197,0.810524,1154,1.2336,5,HGLibB_39588;HGLibB_39586;HGLibA_39638;HGLibA_39637;HGLibB_39587;,1.9002;1.5782;0.88905;2.1174;0.384;,5822
ZNF267,0.014289,0.044197,0.810524,1158,0.83323,5,HGLibB_55634;HGLibB_55635;HGLibA_55702;HGLibA_55703;HGLibA_55701;,0.82522;0.84124;1.3247;2.1861;0.39935;,10308
TMEM108,0.014312,0.044197,0.810524,1159,0.70522,4,HGLibA_49866;HGLibB_49806;HGLibA_49865;HGLibB_49805;,0.93052;1.4419;0.47992;1.2986;,66000
C11orf57,0.014704,0.045072,0.812239,1185,0.81687,5,HGLibB_05155;HGLibB_05156;HGLibA_05160;HGLibA_05159;HGLibA_05161;,1.5482;0.49826;1.7173;0.52508;1.1087;,55216
hsa-mir-3180-1,0.014906,0.045834,0.824594,1195,0.78924,3,HGLibA_58801;HGLibA_58803;HGLibA_58800;,1.225;2.3642;0.35345;,
hsa-mir-1279,0.028014,0.04634,0.832318,2017,1.4118,2,HGLibA_57569;HGLibA_57570;,1.2938;1.5298;,100302182
CTAGE6,0.015045,0.046406,0.832817,1206,1.0069,3,HGLibB_11567;HGLibA_11577;HGLibA_11578;,0.85061;1.1633;1.3489;,340307
hsa-mir-23c,0.015316,0.047142,0.845328,1219,0.70753,4,HGLibA_58338;HGLibA_58337;HGLibA_58336;HGLibA_58335;,1.0987;0.74239;0.67268;0.19787;,100500809
hsa-mir-1184-1,0.015561,0.047598,0.852797,1241,0.77206,4,HGLibA_57230;HGLibA_57229;HGLibA_57231;HGLibA_57228;,1.1743;0.90273;0.6414;0.46913;,100302111
hsa-mir-3167,0.015842,0.048195,0.861366,1263,1.2864,3,HGLibA_58749;HGLibA_58746;HGLibA_58747;,1.7771;0.79578;2.2107;,
hsa-mir-345,0.015917,0.048196,0.861366,1267,0.81277,3,HGLibA_59026;HGLibA_59029;HGLibA_59027;,0.91337;1.0909;0.71217;,442910
CXorf40B,0.014248,0.048671,0.867728,1152,0.76464,4,HGLibA_11926;HGLibA_11925;HGLibB_11915;HGLibA_11927;,1.1429;0.76464;1.0523;0.045466;,541578
OSBPL9,0.016501,0.049302,0.875367,1313,0.74842,4,HGLibB_34624;HGLibB_34625;HGLibA_34670;HGLibA_34669;,2.0766;0.57796;0.91888;0.27374;,114883
hsa-mir-1538,0.016749,0.049466,0.877565,1331,0.95339,3,HGLibA_57920;HGLibA_57917;HGLibA_57918;,1.4105;1.6664;0.49629;,100302119